image_file,object_id,object_class,confidence_score,object_area
AADB - farm1_260_20156759346_a5ab2f2a78_b.jpg,0,chair,0.8746079802513123,2130
AADB - farm1_260_20156759346_a5ab2f2a78_b.jpg,1,chair,0.8432246446609497,2004
AADB - farm1_260_20156759346_a5ab2f2a78_b.jpg,2,dining table,0.6261321902275085,4796
AADB - farm1_260_20156759346_a5ab2f2a78_b.jpg,3,chair,0.5854025483131409,1010
AADB - farm1_260_20156759346_a5ab2f2a78_b.jpg,4,chair,0.5012450218200684,478
AADB - farm1_260_20156759346_a5ab2f2a78_b.jpg,5,chair,0.49768900871276855,1427
AADB - farm1_260_20156759346_a5ab2f2a78_b.jpg,6,tv,0.4691789448261261,3787
AADB - farm1_260_20156759346_a5ab2f2a78_b.jpg,7,dining table,0.4580608308315277,4553
AADB - farm1_260_20156759346_a5ab2f2a78_b.jpg,8,tv,0.4579336941242218,3736
AADB - farm1_260_20156759346_a5ab2f2a78_b.jpg,9,chair,0.31214043498039246,1059
AADB - farm1_260_20156759346_a5ab2f2a78_b.jpg,10,chair,0.30858728289604187,608
AADB - farm1_550_20000925099_b4fdcc8d06_b.jpg,0,boat,0.3612551689147949,2089
AADB - farm1_550_20000925099_b4fdcc8d06_b.jpg,1,surfboard,0.272777795791626,9826
AADB - farm4_3708_20118214951_4b050ec0bc_b.jpg,0,person,0.8313846588134766,1333
AADB - farm4_3708_20118214951_4b050ec0bc_b.jpg,1,person,0.6586965322494507,321
AADB - farm4_3708_20118214951_4b050ec0bc_b.jpg,2,car,0.632099449634552,394
AADB - farm4_3708_20118214951_4b050ec0bc_b.jpg,3,car,0.45563119649887085,156
AADB - farm4_3708_20118214951_4b050ec0bc_b.jpg,4,bench,0.3249736428260803,3504
AADB - farm4_3708_20118214951_4b050ec0bc_b.jpg,5,person,0.2806398570537567,136
BSD - 188063.jpg,0,person,0.8732396364212036,1863
BSD - 188063.jpg,1,kite,0.6137209534645081,11980
BSD - 35008.jpg,0,potted plant,0.6652289628982544,80324
BSD - 35008.jpg,1,chair,0.37200313806533813,115686
CAT2000 - 193.jpg,0,bird,0.7341665625572205,8610
CAT2000 - 193.jpg,1,bird,0.6092605590820312,2466
CAT2000 -169.jpg,0,bench,0.8808955550193787,2918
COCO - 000000000605.jpg,0,cup,0.9613930583000183,17936
COCO - 000000000605.jpg,1,cup,0.9466378092765808,9789
COCO - 000000000605.jpg,2,spoon,0.7418747544288635,2773
COCO - 000000000605.jpg,3,dining table,0.5142917037010193,159495
COCO - 000000000605.jpg,4,spoon,0.4652123749256134,2389
COCO - 000000000605.jpg,5,bowl,0.2973976135253906,8537
COCO - 000000011336.jpg,0,cow,0.9660264849662781,61730
COCO - 000000012986.jpg,0,bench,0.9591473937034607,35965
COCO - 000000014855.jpg,0,clock,0.770691990852356,378
COCO - 000000014855.jpg,1,clock,0.7364396452903748,451
COCO - 000000020765.jpg,0,banana,0.5427215099334717,11242
COCO - 000000020765.jpg,1,banana,0.4259169399738312,6345
COCO - 000000022340.jpg,0,pizza,0.9680526256561279,77270
COCO - 000000022340.jpg,1,knife,0.901187002658844,9649
COCO - 000000022340.jpg,2,knife,0.8553518056869507,4995
COCO - 000000024899.jpg,0,train,0.923041820526123,33762
COCO - 000000027667.jpg,0,person,0.7852618098258972,424
COCO - 000000027667.jpg,1,person,0.7709178328514099,715
COCO - 000000027667.jpg,2,person,0.6289929151535034,560
COCO - 000000027667.jpg,3,person,0.41387200355529785,545
COCO - 000000027667.jpg,4,person,0.31419476866722107,148
COCO - 000000027667.jpg,5,handbag,0.3065945506095886,136
COCO - 000000037038.jpg,0,surfboard,0.6507948040962219,471
COCO - 000000037038.jpg,1,person,0.6190742254257202,1850
COCO - 000000051484.jpg,0,person,0.8076847195625305,1084
COCO - 000000051484.jpg,1,surfboard,0.7830955982208252,800
COCO - 000000051484.jpg,2,surfboard,0.756412148475647,756
COCO - 000000051484.jpg,3,surfboard,0.6911188364028931,415
COCO - 000000051484.jpg,4,person,0.6093723177909851,358
COCO - 000000051484.jpg,5,person,0.36571580171585083,293
COCO - 000000055735.jpg,0,donut,0.960097074508667,94140
COCO - 000000055735.jpg,1,donut,0.9491833448410034,13532
COCO - 000000055735.jpg,2,donut,0.9399937987327576,12678
COCO - 000000064236.jpg,0,tennis racket,0.9808866381645203,28928
COCO - 000000064236.jpg,1,person,0.9517326951026917,30195
COCO - 000000069826.jpg,0,toothbrush,0.9908614158630371,8685
COCO - 000000069826.jpg,1,bottle,0.9360018968582153,34091
COCO - 000000069826.jpg,2,sink,0.7790622711181641,12852
COCO - 000000069826.jpg,3,bottle,0.7400121688842773,16010
COCO - 000000069826.jpg,4,toothbrush,0.4093439280986786,2005
COCO - 000000069826.jpg,5,hair drier,0.31693387031555176,3466
COCO - 000000069826.jpg,6,cup,0.26193925738334656,21081
COCO - 000000104809.jpg,0,clock,0.9278017282485962,8427
COCO - 000000104809.jpg,1,cup,0.8619123101234436,15932
COCO - 000000134688.jpg,0,teddy bear,0.9497585892677307,26874
COCO - 000000134688.jpg,1,cup,0.9441801309585571,6139
COCO - 000000134688.jpg,2,person,0.9340800046920776,27247
COCO - 000000134688.jpg,3,knife,0.8855813145637512,1296
COCO - 000000134688.jpg,4,fork,0.8236397504806519,909
COCO - 000000134688.jpg,5,chair,0.7274606823921204,2087
COCO - 000000134688.jpg,6,cup,0.7168388366699219,3846
COCO - 000000134688.jpg,7,person,0.6980563402175903,1358
COCO - 000000134688.jpg,8,dining table,0.6718495488166809,72696
COCO - 000000134688.jpg,9,fork,0.5574698448181152,907
COCO - 000000134688.jpg,10,knife,0.5018343925476074,1391
COCO - 000000134688.jpg,11,person,0.34633883833885193,1918
COCO - 000000134688.jpg,12,handbag,0.3459508717060089,1106
COCO - 000000134688.jpg,13,cake,0.3416914939880371,12960
COCO - 000000134688.jpg,14,bowl,0.2781237065792084,33221
COCO - 000000143522.jpg,0,kite,0.9552624821662903,20150
COCO - 000000143522.jpg,1,kite,0.9464302659034729,12757
COCO - 000000143522.jpg,2,kite,0.9272707104682922,4528
COCO - 000000143522.jpg,3,kite,0.8510628938674927,7752
COCO - 000000143522.jpg,4,kite,0.8163357377052307,1451
COCO - 000000143522.jpg,5,kite,0.8054906725883484,6152
COCO - 000000143522.jpg,6,kite,0.7936275005340576,803
COCO - 000000143522.jpg,7,kite,0.7785005569458008,538
COCO - 000000143522.jpg,8,kite,0.45861321687698364,65
COCO - 000000143522.jpg,9,kite,0.395224004983902,89
COCO - 000000148772.jpg,0,train,0.8150440454483032,5079
COCO - 000000150237.jpg,0,bird,0.9155541062355042,1179
COCO - 000000150237.jpg,1,bird,0.8867584466934204,1427
COCO - 000000150237.jpg,2,bird,0.8518238663673401,845
COCO - 000000150237.jpg,3,bird,0.7061277031898499,936
COCO - 000000150237.jpg,4,bird,0.5616928935050964,991
COCO - 000000151575.jpg,0,kite,0.9631454944610596,7702
COCO - 000000151575.jpg,1,person,0.8804436326026917,1300
COCO - 000000152341.jpg,0,bench,0.936553418636322,7515
COCO - 000000157067.jpg,0,bench,0.7577204704284668,571
COCO - 000000158702.jpg,0,toilet,0.9052577614784241,10965
COCO - 000000158702.jpg,1,potted plant,0.8741043210029602,3923
COCO - 000000158702.jpg,2,potted plant,0.788494884967804,1525
COCO - 000000188120.jpg,0,kite,0.9332211017608643,9408
COCO - 000000188120.jpg,1,person,0.8947736620903015,3474
COCO - 000000188120.jpg,2,person,0.8945668935775757,2980
COCO - 000000188120.jpg,3,person,0.8795766830444336,1873
COCO - 000000188120.jpg,4,dog,0.8267505764961243,872
COCO - 000000188120.jpg,5,person,0.7461903095245361,928
COCO - 000000188120.jpg,6,kite,0.5716075897216797,72
COCO - 000000188120.jpg,7,kite,0.4756854772567749,154
COCO - 000000188120.jpg,8,kite,0.4621390104293823,284
COCO - 000000188120.jpg,9,person,0.42915835976600647,233
COCO - 000000188120.jpg,10,person,0.42695802450180054,235
COCO - 000000188120.jpg,11,person,0.3949962854385376,401
COCO - 000000188120.jpg,12,person,0.3848892152309418,463
COCO - 000000188120.jpg,13,person,0.3813174068927765,200
COCO - 000000188120.jpg,14,person,0.31724312901496887,448
COCO - 000000188120.jpg,15,person,0.2769949436187744,256
COCO - 000000188120.jpg,16,kite,0.2746508717536926,983
COCO - 000000188120.jpg,17,person,0.25512295961380005,388
COCO - 000000195724.jpg,0,fork,0.9484233260154724,2586
COCO - 000000195724.jpg,1,cup,0.930850625038147,5635
COCO - 000000195724.jpg,2,cup,0.9282709360122681,3936
COCO - 000000195724.jpg,3,knife,0.9246816039085388,868
COCO - 000000195724.jpg,4,sandwich,0.9038271903991699,19231
COCO - 000000195724.jpg,5,chair,0.8978371024131775,5421
COCO - 000000195724.jpg,6,chair,0.897160530090332,36210
COCO - 000000195724.jpg,7,dining table,0.8543776869773865,90954
COCO - 000000195724.jpg,8,person,0.8421778678894043,2680
COCO - 000000195724.jpg,9,chair,0.8069123029708862,4370
COCO - 000000195724.jpg,10,chair,0.7396265268325806,2449
COCO - 000000195724.jpg,11,person,0.6216407418251038,776
COCO - 000000195724.jpg,12,person,0.6095686554908752,419
COCO - 000000195724.jpg,13,person,0.5621750950813293,962
COCO - 000000195724.jpg,14,person,0.47104665637016296,648
COCO - 000000195724.jpg,15,spoon,0.465535044670105,329
COCO - 000000195724.jpg,16,person,0.3839779198169708,838
COCO - 000000195724.jpg,17,dining table,0.3484325110912323,1264
COCO - 000000195724.jpg,18,person,0.27070683240890503,816
COCO - 000000195724.jpg,19,dining table,0.2597429156303406,1381
COCO - 000000211837.jpg,0,zebra,0.8300886154174805,734
COCO - 000000211837.jpg,1,zebra,0.8136260509490967,790
COCO - 000000211837.jpg,2,zebra,0.8085070252418518,708
COCO - 000000211837.jpg,3,zebra,0.7971447706222534,809
COCO - 000000211837.jpg,4,zebra,0.7929087281227112,1022
COCO - 000000211837.jpg,5,zebra,0.748708963394165,899
COCO - 000000211837.jpg,6,zebra,0.6911556720733643,943
COCO - 000000211837.jpg,7,zebra,0.6743475198745728,591
COCO - 000000211837.jpg,8,zebra,0.594917893409729,781
COCO - 000000211837.jpg,9,zebra,0.5758913159370422,422
COCO - 000000211837.jpg,10,zebra,0.5504806041717529,674
COCO - 000000211837.jpg,11,zebra,0.5170522332191467,708
COCO - 000000211837.jpg,12,zebra,0.41083845496177673,447
COCO - 000000211837.jpg,13,zebra,0.2512816786766052,391
COCO - 000000217289.jpg,0,tennis racket,0.9624040126800537,27130
COCO - 000000217289.jpg,1,book,0.8682052493095398,3262
COCO - 000000217289.jpg,2,chair,0.7835410833358765,42028
COCO - 000000217289.jpg,3,couch,0.4866271913051605,41121
COCO - 000000217289.jpg,4,book,0.44445905089378357,1711
COCO - 000000217289.jpg,5,book,0.2784518003463745,1663
COCO - 000000217289.jpg,6,laptop,0.2740304172039032,31697
COCO - 000000217793.jpg,0,chair,0.9042761325836182,3509
COCO - 000000217793.jpg,1,chair,0.9009644389152527,3365
COCO - 000000217793.jpg,2,chair,0.897273600101471,3251
COCO - 000000217793.jpg,3,chair,0.8928037285804749,3273
COCO - 000000217793.jpg,4,umbrella,0.7612915635108948,6346
COCO - 000000217793.jpg,5,umbrella,0.7105093002319336,6704
COCO - 000000217793.jpg,6,umbrella,0.3364948034286499,6185
COCO - 000000217793.jpg,7,umbrella,0.2752569615840912,5876
COCO - 000000240323.jpg,0,orange,0.9471806883811951,20414
COCO - 000000240323.jpg,1,carrot,0.8841276168823242,5427
COCO - 000000240323.jpg,2,carrot,0.6643240451812744,6879
COCO - 000000240323.jpg,3,carrot,0.5976498126983643,2085
COCO - 000000240323.jpg,4,carrot,0.5646562576293945,4777
COCO - 000000240323.jpg,5,carrot,0.5590335130691528,4979
COCO - 000000240323.jpg,6,carrot,0.42603400349617004,7569
COCO - 000000240323.jpg,7,carrot,0.36454445123672485,21918
COCO - 000000240323.jpg,8,carrot,0.32673510909080505,4661
COCO - 000000244666.jpg,0,vase,0.9788803458213806,55591
COCO - 000000244666.jpg,1,vase,0.9072780013084412,4278
COCO - 000000244666.jpg,2,vase,0.8936789035797119,4299
COCO - 000000244666.jpg,3,vase,0.883608341217041,4206
COCO - 000000268146.jpg,0,surfboard,0.9568759202957153,23147
COCO - 000000272217.jpg,0,bowl,0.7126883864402771,484
COCO - 000000272217.jpg,1,oven,0.6410412192344666,5878
COCO - 000000272217.jpg,2,bowl,0.5474059581756592,404
COCO - 000000272217.jpg,3,cup,0.3147614002227783,506
COCO - 000000274613.jpg,0,zebra,0.9047589302062988,2321
COCO - 000000274613.jpg,1,zebra,0.7669401168823242,720
COCO - 000000274613.jpg,2,zebra,0.7035365104675293,317
COCO - 000000275450.jpg,0,bench,0.9307816028594971,9020
COCO - 000000275450.jpg,1,bench,0.8806018829345703,7499
COCO - 000000275450.jpg,2,boat,0.7362312078475952,627
COCO - 000000275450.jpg,3,boat,0.6996733546257019,427
COCO - 000000275450.jpg,4,boat,0.6962318420410156,929
COCO - 000000275450.jpg,5,boat,0.6908538341522217,601
COCO - 000000275450.jpg,6,boat,0.48249366879463196,519
COCO - 000000275450.jpg,7,boat,0.47474536299705505,1517
COCO - 000000275450.jpg,8,boat,0.4370119571685791,762
COCO - 000000275450.jpg,9,boat,0.3868303894996643,383
COCO - 000000275450.jpg,10,boat,0.3789044916629791,401
COCO - 000000275450.jpg,11,boat,0.2694081962108612,211
COCO - 000000275450.jpg,12,airplane,0.2501485347747803,201
COCO - 000000282675.jpg,0,broccoli,0.9206092357635498,6567
COCO - 000000347953.jpg,0,bird,0.9293613433837891,4354
COCO - 000000347953.jpg,1,bird,0.9004034399986267,7320
COCO - 000000349425.jpg,0,orange,0.9010528326034546,23267
COCO - 000000349425.jpg,1,orange,0.7519584894180298,24371
COCO - 000000349425.jpg,2,orange,0.6646651029586792,22784
COCO - 000000349425.jpg,3,orange,0.6557453274726868,14224
COCO - 000000349425.jpg,4,orange,0.5336627960205078,14747
COCO - 000000349425.jpg,5,orange,0.4709295630455017,13705
COCO - 000000349425.jpg,6,orange,0.435260534286499,1225
COCO - 000000349425.jpg,7,apple,0.39885544776916504,13648
COCO - 000000349425.jpg,8,orange,0.345027893781662,6771
COCO - 000000349425.jpg,9,orange,0.29519161581993103,7028
COCO - 000000349425.jpg,10,orange,0.2716839909553528,4716
COCO - 000000366713.jpg,0,book,0.9292128086090088,4118
COCO - 000000366713.jpg,1,bed,0.9166659116744995,45813
COCO - 000000372250.jpg,0,elephant,0.9661673307418823,36322
COCO - 000000372250.jpg,1,elephant,0.9543114900588989,46221
COCO - 000000402570.jpg,0,clock,0.8849514722824097,1082
COCO - 000000402570.jpg,1,clock,0.8070616126060486,547
COCO - 000000430160.jpg,0,sandwich,0.881668746471405,97492
COCO - 000000430160.jpg,1,banana,0.4878664016723633,47092
COCO - 000000430160.jpg,2,banana,0.3877998888492584,83030
COCO - 000000430160.jpg,3,dining table,0.2681662142276764,8173
COCO - 000000436413.jpg,0,teddy bear,0.9229855537414551,9578
COCO - 000000436413.jpg,1,bed,0.8107779622077942,110499
COCO - 000000439840.jpg,0,potted plant,0.9507166147232056,16861
COCO - 000000439840.jpg,1,tv,0.9388476014137268,10707
COCO - 000000439840.jpg,2,potted plant,0.8922643661499023,5027
COCO - 000000439840.jpg,3,potted plant,0.8346235156059265,11141
COCO - 000000439840.jpg,4,potted plant,0.8211027979850769,2872
COCO - 000000439840.jpg,5,potted plant,0.8016688227653503,832
COCO - 000000439840.jpg,6,potted plant,0.7303017377853394,879
COCO - 000000439840.jpg,7,potted plant,0.4578477740287781,574
COCO - 000000439840.jpg,8,remote,0.4537425935268402,645
COCO - 000000439840.jpg,9,potted plant,0.43162301182746887,1044
COCO - 000000461245.jpg,0,giraffe,0.9240082502365112,3250
COCO - 000000461245.jpg,1,giraffe,0.8951858878135681,2866
COCO - 000000461245.jpg,2,giraffe,0.8328405022621155,4941
COCO - 000000461245.jpg,3,giraffe,0.8273497223854065,3952
COCO - 000000461245.jpg,4,giraffe,0.8217563629150391,2545
COCO - 000000461245.jpg,5,giraffe,0.7708454132080078,3245
COCO - 000000461245.jpg,6,giraffe,0.6820875406265259,1163
COCO - 000000461245.jpg,7,zebra,0.5440317392349243,560
COCO - 000000461245.jpg,8,giraffe,0.49578770995140076,1329
COCO - 000000461245.jpg,9,zebra,0.2959153652191162,598
COCO - 000000466132.jpg,0,refrigerator,0.943884551525116,22323
COCO - 000000466132.jpg,1,oven,0.92231684923172,15599
COCO - 000000466132.jpg,2,sink,0.6436382532119751,1433
EVA - 11651.jpg,0,person,0.6216270923614502,478
EVA - 14942.jpg,0,clock,0.8932964205741882,2505
EVA - 14942.jpg,1,person,0.5835765600204468,474
EVA - 14942.jpg,2,person,0.5763863921165466,540
EVA - 14942.jpg,3,person,0.5253354907035828,588
EVA - 14942.jpg,4,person,0.5236451625823975,363
EVA - 14942.jpg,5,person,0.5032047629356384,398
EVA - 14942.jpg,6,person,0.4685778319835663,444
EVA - 14942.jpg,7,person,0.42841556668281555,398
EVA - 14942.jpg,8,person,0.42711931467056274,375
EVA - 14942.jpg,9,person,0.40860697627067566,735
EVA - 14942.jpg,10,person,0.38922157883644104,538
EVA - 14942.jpg,11,person,0.389089435338974,356
EVA - 14942.jpg,12,handbag,0.38629716634750366,211
EVA - 14942.jpg,13,person,0.35185545682907104,847
EVA - 14942.jpg,14,person,0.3505285382270813,323
EVA - 14942.jpg,15,handbag,0.34238341450691223,221
EVA - 14942.jpg,16,person,0.26056012511253357,390
EVA - 174299.jpg,0,knife,0.7770352959632874,4693
EVA - 174299.jpg,1,knife,0.5989205837249756,5833
EVA - 174299.jpg,2,knife,0.49160534143447876,5915
EVA - 174299.jpg,3,knife,0.3259446918964386,7207
EVA - 174299.jpg,4,knife,0.2558245062828064,6824
EVA - 231067.jpg,0,car,0.9332966208457947,6898
EVA - 231067.jpg,1,car,0.9204020500183105,30934
EVA - 231067.jpg,2,car,0.906680703163147,1807
EVA - 231067.jpg,3,car,0.9061451554298401,3702
EVA - 231067.jpg,4,car,0.8472615480422974,5478
EVA - 231067.jpg,5,car,0.8256089687347412,2173
EVA - 231067.jpg,6,car,0.7963241934776306,6232
EVA - 231067.jpg,7,car,0.789643406867981,919
EVA - 231067.jpg,8,car,0.7751308083534241,1302
EVA - 231067.jpg,9,car,0.7682720422744751,1005
EVA - 231067.jpg,10,car,0.7386215925216675,1119
EVA - 236965.jpg,0,traffic light,0.928107738494873,4454
EVA - 236965.jpg,1,traffic light,0.8510807752609253,2323
EVA - 236965.jpg,2,traffic light,0.8331872820854187,3383
EVA - 236965.jpg,3,traffic light,0.7771538496017456,1237
EVA - 236965.jpg,4,traffic light,0.744953989982605,4255
EVA - 236965.jpg,5,traffic light,0.7162726521492004,4005
EVA - 236965.jpg,6,traffic light,0.4761395752429962,654
EVA - 236965.jpg,7,traffic light,0.3421184718608856,691
EVA - 236965.jpg,8,traffic light,0.2925887703895569,1442
EVA - 236965.jpg,9,traffic light,0.28840172290802,1005
EVA - 250452.jpg,0,person,0.9047964811325073,19669
EVA - 250452.jpg,1,tennis racket,0.3108351230621338,32884
EVA - 282788.jpg,0,car,0.73166823387146,13045
EVA - 282788.jpg,1,car,0.7159558534622192,7749
EVA - 282788.jpg,2,car,0.6630223393440247,1675
EVA - 282788.jpg,3,car,0.3698439300060272,6047
EVA - 29164.jpg,0,cake,0.915643036365509,17008
EVA - 29164.jpg,1,cake,0.8892634510993958,7662
EVA - 29164.jpg,2,cake,0.8327694535255432,7304
EVA - 312153.jpg,0,bicycle,0.3077087700366974,36605
EVA - 333631.jpg,0,cup,0.9714058041572571,51139
EVA - 333631.jpg,1,donut,0.32186806201934814,16036
EVA - 333631.jpg,2,dining table,0.2707023322582245,73628
EVA - 339259.jpg,0,bench,0.8347785472869873,5386
EVA - 339259.jpg,1,potted plant,0.7983958125114441,3834
EVA - 339259.jpg,2,bench,0.6708029508590698,3577
EVA - 339259.jpg,3,bench,0.6480538249015808,1248
EVA - 339259.jpg,4,bench,0.5822041034698486,2101
EVA - 339259.jpg,5,bench,0.4815519452095032,3739
EVA - 339259.jpg,6,bench,0.40114885568618774,1970
EVA - 339259.jpg,7,bench,0.3983232378959656,3763
EVA - 339259.jpg,8,bench,0.39728012681007385,1342
EVA - 339259.jpg,9,bench,0.3190300166606903,1912
EVA - 339282.jpg,0,boat,0.5818171501159668,345
EVA - 339282.jpg,1,boat,0.46890413761138916,403
EVA - 339282.jpg,2,boat,0.38088124990463257,5167
EVA - 345387.jpg,0,bird,0.7200682759284973,305
EVA - 345927.jpg,0,person,0.5231413841247559,9796
EVA - 355250.jpg,0,bird,0.7429625988006592,32346
EVA - 355250.jpg,1,apple,0.5582606792449951,8301
EVA - 35760.jpg,0,boat,0.8580994009971619,1543
EVA - 35760.jpg,1,boat,0.8328873515129089,1502
EVA - 35760.jpg,2,boat,0.7961200475692749,1723
EVA - 35760.jpg,3,boat,0.6231699585914612,719
EVA - 35760.jpg,4,boat,0.4486435651779175,1087
EVA - 377221.jpg,0,kite,0.9158124923706055,2319
EVA - 388808.jpg,0,boat,0.9036352634429932,17911
EVA - 4310.jpg,0,toothbrush,0.300914466381073,15852
EVA - 4310.jpg,1,toothbrush,0.2515047788619995,19805
EVA - 482449.jpg,0,boat,0.5639045238494873,1003
EVA - 482449.jpg,1,clock,0.2618846893310547,788
EVA - 5789.jpg,0,bird,0.9010188579559326,46267
EVA - 58894.jpg,0,toaster,0.6003508567810059,33084
EVA - 58894.jpg,1,bench,0.4503908157348633,46883
EVA - 710077.jpg,0,bird,0.419988214969635,6295
EVA - 710077.jpg,1,bird,0.26559948921203613,3633
EVA - 710077.jpg,2,apple,0.25846999883651733,6313
EVA - 830948.jpg,0,cup,0.9865712523460388,62833
EVA - 830948.jpg,1,orange,0.9183462262153625,17198
EVA - 830948.jpg,2,dining table,0.8856222629547119,69026
EVA - 830948.jpg,3,orange,0.8733111619949341,4202
EVA - 830948.jpg,4,orange,0.8717379570007324,6839
EVA - 830948.jpg,5,orange,0.792454183101654,4310
EVA - 830948.jpg,6,orange,0.7430045008659363,6595
EVA - 830948.jpg,7,orange,0.592491626739502,6473
EVA - 85316.jpg,0,cat,0.44101178646087646,45301
EVA - 85316.jpg,1,dog,0.4118995666503906,46091
EVA - 956489.jpg,0,bench,0.4881615936756134,402
EVA - 956489.jpg,1,bench,0.31692788004875183,496
FLICKR-AES -farm6_5482_11387807106_4f7c555026.jpg,0,horse,0.9197896122932434,23972
FLICKR-AES -farm6_5482_11387807106_4f7c555026.jpg,1,person,0.7206459641456604,10634
FLICKR-AES -farm6_5501_11641391566_705dac07d7.jpg,0,bus,0.904090940952301,1526
FLICKR-AES -farm6_5501_11641391566_705dac07d7.jpg,1,bus,0.5579767823219299,558
FLICKR-AES -farm6_5501_11641391566_705dac07d7.jpg,2,bus,0.5418767333030701,850
FLICKR-AES -farm6_5501_11641391566_705dac07d7.jpg,3,car,0.398723304271698,130
FLICKR-AES -farm6_5501_11641391566_705dac07d7.jpg,4,car,0.3450615406036377,115
FLICKR-AES -farm6_5501_11641391566_705dac07d7.jpg,5,car,0.34167346358299255,396
FLICKR-AES -farm6_5501_11641391566_705dac07d7.jpg,6,car,0.3325442671775818,378
FLICKR-AES -farm6_5501_11641391566_705dac07d7.jpg,7,car,0.32855698466300964,238
FLICKR-AES -farm6_5501_11641391566_705dac07d7.jpg,8,traffic light,0.2865130305290222,170
FLICKR-AES -farm6_5501_11641391566_705dac07d7.jpg,9,truck,0.28390759229660034,830
FLICKR-AES -farm6_5501_11641391566_705dac07d7.jpg,10,potted plant,0.2783895432949066,2998
FLICKR-AES -farm6_5501_11641391566_705dac07d7.jpg,11,truck,0.2620308995246887,2481
FLICKR-AES -farm6_5504_9293220557_a1b681b598.jpg,0,person,0.9495897889137268,21585
FLICKR-AES -farm6_5504_9293220557_a1b681b598.jpg,1,person,0.34442394971847534,3250
FLICKR-AES -farm6_5504_9293220557_a1b681b598.jpg,2,bench,0.3075580298900604,10245
FLICKR-AES -farm6_5504_9293220557_a1b681b598.jpg,3,person,0.27522245049476624,1560
FLICKR-AES -farm6_5520_11548707806_3f26f8b155_b.jpg,0,person,0.8297984600067139,2577
FLICKR-AES -farm6_5520_11548707806_3f26f8b155_b.jpg,1,person,0.8228123188018799,3987
FLICKR-AES -farm6_5520_11548707806_3f26f8b155_b.jpg,2,handbag,0.5809550881385803,460
FLICKR-AES -farm6_5530_9898088585_e18c131113.jpg,0,bird,0.9181605577468872,6384
FLICKR-AES -farm6_5530_9898088585_e18c131113.jpg,1,bird,0.8938906788825989,3632
FLICKR-AES -farm6_5530_9898088585_e18c131113.jpg,2,bird,0.7578897476196289,1510
FLICKR-AES -farm6_5545_9308487862_051731b459_b.jpg,0,person,0.5415820479393005,13717
FLICKR-AES -farm6_5654_21449051550_a1275b36d8_b.jpg,0,vase,0.9484878778457642,22751
FLICKR-AES -farm6_5654_21449051550_a1275b36d8_b.jpg,1,vase,0.9442195296287537,13176
FLICKR-AES -farm6_5654_21449051550_a1275b36d8_b.jpg,2,vase,0.9354608058929443,13542
FLICKR-AES -farm6_5654_21449051550_a1275b36d8_b.jpg,3,vase,0.9141100645065308,13999
FLICKR-AES -farm6_5654_21449051550_a1275b36d8_b.jpg,4,spoon,0.7910312414169312,1669
FLICKR-AES -farm6_5654_21449051550_a1275b36d8_b.jpg,5,vase,0.41578418016433716,4607
FLICKR-AES -farm6_5654_21449051550_a1275b36d8_b.jpg,6,potted plant,0.363999605178833,17737
FLICKR-AES -farm6_5657_21449214829_e974612f9f_b.jpg,0,umbrella,0.30562731623649597,9515
FLICKR-AES -farm6_5673_23704041320_9e5791219d_b.jpg,0,vase,0.26715192198753357,42066
FLICKR-AES -farm6_5703_21645927971_d645f9a59c_b.jpg,0,bench,0.463126003742218,9899
FLICKR-AES -farm6_5703_21645927971_d645f9a59c_b.jpg,1,bench,0.46017447113990784,7633
FLICKR-AES -farm6_5703_21645927971_d645f9a59c_b.jpg,2,bench,0.34219616651535034,8785
FLICKR-AES -farm6_5703_21645927971_d645f9a59c_b.jpg,3,bench,0.2916443645954132,18910
FLICKR-AES -farm6_5716_21600000562_90ab122fe5_b.jpg,0,car,0.8637663722038269,1095
FLICKR-AES -farm6_5716_21600000562_90ab122fe5_b.jpg,1,clock,0.5433093905448914,201
FLICKR-AES -farm6_5822_21602111826_d11042da85_b.jpg,0,boat,0.7093385457992554,53888
FLICKR-AES -farm7_6053_6329816112_1a295212d2.jpg,0,clock,0.5702422857284546,636
FLICKR-AES -farm7_6053_6329816112_1a295212d2.jpg,1,person,0.5029955506324768,3692
FLICKR-AES -farm7_6053_6329816112_1a295212d2.jpg,2,clock,0.4457118809223175,633
FLICKR-AES -farm7_6053_6329816112_1a295212d2.jpg,3,person,0.3730575442314148,3846
FLICKR-AES -farm7_6053_6329816112_1a295212d2.jpg,4,clock,0.2996751070022583,996
FLICKR-AES -farm7_6053_6329816112_1a295212d2.jpg,5,clock,0.2992655634880066,984
FLICKR-AES -farm7_6053_6329816112_1a295212d2.jpg,6,clock,0.29207643866539,968
FLICKR-AES -farm7_6053_6329816112_1a295212d2.jpg,7,clock,0.28139635920524597,961
FLICKR-AES -farm7_6053_6350472737_fe30840524.jpg,0,boat,0.9504562616348267,24688
FLICKR-AES -farm7_6053_6350472737_fe30840524.jpg,1,boat,0.7580978870391846,1495
FLICKR-AES -farm7_6053_6350472737_fe30840524.jpg,2,boat,0.6252193450927734,1251
FLICKR-AES -farm7_6053_6350472737_fe30840524.jpg,3,boat,0.5160414576530457,936
FLICKR-AES -farm7_6053_6350472737_fe30840524.jpg,4,boat,0.4236636459827423,1450
FLICKR-AES -farm7_6053_6350472737_fe30840524.jpg,5,boat,0.35280168056488037,325
FLICKR-AES -farm7_6053_6350472737_fe30840524.jpg,6,boat,0.32324740290641785,174
FLICKR-AES -farm7_6053_6350472737_fe30840524.jpg,7,boat,0.32155007123947144,279
FLICKR-AES -farm8_7006_6811073403_2db9a34607.jpg,0,bench,0.6339059472084045,1792
FLICKR-AES -farm8_7006_6811073403_2db9a34607.jpg,1,bench,0.2613754868507385,1948
FLICKR-AES -farm8_7291_27287643220_d1067520c8_b.jpg,0,bird,0.898251473903656,18434
FLICKR-AES -farm8_7291_27287643220_d1067520c8_b.jpg,1,bird,0.6033986210823059,18562
FLICKR-AES -farm9_8084_8336470757_4787d1f1c5.jpg,0,car,0.8706485033035278,871
FLICKR-AES -farm9_8084_8336470757_4787d1f1c5.jpg,1,car,0.8564692735671997,480
FLICKR-AES -farm9_8084_8336470757_4787d1f1c5.jpg,2,car,0.8474124670028687,964
FLICKR-AES -farm9_8084_8336470757_4787d1f1c5.jpg,3,car,0.7360542416572571,333
FLICKR-AES -farm9_8084_8336470757_4787d1f1c5.jpg,4,car,0.6636368036270142,319
FLICKR-AES -farm9_8084_8336470757_4787d1f1c5.jpg,5,car,0.5548676252365112,340
FLICKR-AES -farm9_8084_8336470757_4787d1f1c5.jpg,6,car,0.5229471921920776,206
FLICKR-AES -farm9_8084_8336470757_4787d1f1c5.jpg,7,car,0.3952449560165405,120
FLICKR-AES -farm9_8173_8068829172_c633f1f900.jpg,0,boat,0.8611847162246704,158444
FLICKR-AES -farm9_8173_8068829172_c633f1f900.jpg,1,person,0.4220253527164459,192
FLICKR-AES -farm9_8173_8068829172_c633f1f900.jpg,2,person,0.4218713939189911,301
FLICKR-AES -farm9_8173_8068829172_c633f1f900.jpg,3,person,0.3504441976547241,404
FLICKR-AES -farm9_8173_8068829172_c633f1f900.jpg,4,boat,0.3186822533607483,2924
FLICKR-AES -farm9_8173_8068829172_c633f1f900.jpg,5,person,0.3080783188343048,364
FLICKR-AES -farm9_8173_8068829172_c633f1f900.jpg,6,person,0.2556934356689453,651
FLICKR-AES -farm9_8265_8635344764_454c8b90c1.jpg,0,chair,0.9421722292900085,10243
FLICKR-AES -farm9_8265_8635344764_454c8b90c1.jpg,1,chair,0.8901941180229187,4737
FLICKR-AES -farm9_8265_8635344764_454c8b90c1.jpg,2,chair,0.8571611642837524,4982
FLICKR-AES -farm9_8265_8635344764_454c8b90c1.jpg,3,chair,0.8536061644554138,2720
FLICKR-AES -farm9_8265_8635344764_454c8b90c1.jpg,4,dining table,0.8429092764854431,52039
FLICKR-AES -farm9_8265_8635344764_454c8b90c1.jpg,5,wine glass,0.8368971943855286,2287
FLICKR-AES -farm9_8265_8635344764_454c8b90c1.jpg,6,wine glass,0.8189700841903687,983
FLICKR-AES -farm9_8265_8635344764_454c8b90c1.jpg,7,wine glass,0.8123395442962646,1149
FLICKR-AES -farm9_8265_8635344764_454c8b90c1.jpg,8,chair,0.7427079081535339,1644
FLICKR-AES -farm9_8265_8635344764_454c8b90c1.jpg,9,wine glass,0.710353672504425,1237
FLICKR-AES -farm9_8265_8635344764_454c8b90c1.jpg,10,wine glass,0.6902996301651001,404
FLICKR-AES -farm9_8265_8635344764_454c8b90c1.jpg,11,knife,0.6712249517440796,563
FLICKR-AES -farm9_8265_8635344764_454c8b90c1.jpg,12,chair,0.6671262979507446,5941
FLICKR-AES -farm9_8265_8635344764_454c8b90c1.jpg,13,chair,0.6347456574440002,1749
FLICKR-AES -farm9_8265_8635344764_454c8b90c1.jpg,14,wine glass,0.6310939788818359,663
FLICKR-AES -farm9_8265_8635344764_454c8b90c1.jpg,15,dining table,0.6210066080093384,2459
FLICKR-AES -farm9_8265_8635344764_454c8b90c1.jpg,16,wine glass,0.6105629801750183,738
FLICKR-AES -farm9_8265_8635344764_454c8b90c1.jpg,17,chair,0.6029806733131409,10256
FLICKR-AES -farm9_8265_8635344764_454c8b90c1.jpg,18,vase,0.6014246344566345,984
FLICKR-AES -farm9_8265_8635344764_454c8b90c1.jpg,19,wine glass,0.5752986669540405,420
FLICKR-AES -farm9_8265_8635344764_454c8b90c1.jpg,20,chair,0.5730807185173035,13817
FLICKR-AES -farm9_8265_8635344764_454c8b90c1.jpg,21,chair,0.5706977248191833,2445
FLICKR-AES -farm9_8265_8635344764_454c8b90c1.jpg,22,fork,0.5663642883300781,419
FLICKR-AES -farm9_8265_8635344764_454c8b90c1.jpg,23,chair,0.534088134765625,23930
FLICKR-AES -farm9_8265_8635344764_454c8b90c1.jpg,24,potted plant,0.5113880038261414,1517
FLICKR-AES -farm9_8265_8635344764_454c8b90c1.jpg,25,knife,0.43911775946617126,682
FLICKR-AES -farm9_8265_8635344764_454c8b90c1.jpg,26,fork,0.4341498911380768,720
FLICKR-AES -farm9_8265_8635344764_454c8b90c1.jpg,27,chair,0.4223785102367401,540
FLICKR-AES -farm9_8265_8635344764_454c8b90c1.jpg,28,vase,0.37535399198532104,712
FLICKR-AES -farm9_8265_8635344764_454c8b90c1.jpg,29,refrigerator,0.3185623586177826,3103
FLICKR-AES -farm9_8265_8635344764_454c8b90c1.jpg,30,potted plant,0.29619836807250977,1947
FLICKR-AES -farm9_8265_8635344764_454c8b90c1.jpg,31,microwave,0.2925143837928772,2447
FLICKR-AES -farm9_8265_8635344764_454c8b90c1.jpg,32,chair,0.2873375713825226,1604
FLICKR-AES -farm9_8265_8635344764_454c8b90c1.jpg,33,fork,0.276974618434906,547
FLICKR-AES -farm9_8584_15897121829_de1bc15e58_b.jpg,0,car,0.813954770565033,1351
FLICKR-AES -farm9_8584_15897121829_de1bc15e58_b.jpg,1,car,0.7869213223457336,1391
FLICKR-AES -farm9_8584_15897121829_de1bc15e58_b.jpg,2,car,0.772847056388855,1102
FLICKR-AES -farm9_8584_15897121829_de1bc15e58_b.jpg,3,clock,0.6346235871315002,205
FLICKR-AES -farm9_8584_15897121829_de1bc15e58_b.jpg,4,car,0.5203325748443604,2861
FLICKR-AES -farm9_8584_15897121829_de1bc15e58_b.jpg,5,car,0.44604742527008057,328
FLICKR-AES -farm9_8584_15897121829_de1bc15e58_b.jpg,6,truck,0.42989256978034973,763
FLICKR-AES -farm9_8584_15897121829_de1bc15e58_b.jpg,7,car,0.3266671299934387,767
flower102 - image_00258.jpg,0,potted plant,0.3201311528682709,178435
MemCat - 000000544638.jpg,0,boat,0.8841833472251892,3436
MemCat - 000000544638.jpg,1,boat,0.8346459269523621,19635
MemCat - 000000544638.jpg,2,boat,0.830254077911377,33318
MemCat - 000000544638.jpg,3,boat,0.829730212688446,3157
MemCat - 000000544638.jpg,4,boat,0.7468298673629761,13524
MemCat - 000000544638.jpg,5,boat,0.5918854475021362,4066
MemCat - 000000544638.jpg,6,boat,0.40608569979667664,1293
MemCat - 000000544638.jpg,7,boat,0.3230930268764496,5468
MemCat - 000000544638.jpg,8,boat,0.30138373374938965,2657
MemCat - 000000544638.jpg,9,boat,0.28946760296821594,602
MemCat - 000000547131.jpg,0,elephant,0.9603946208953857,28783
MemCat - 000000547131.jpg,1,elephant,0.44715404510498047,1252
MemCat - n02118333_14064.jpg,0,cat,0.7118667364120483,11122
MemCat - n02932891_23097.jpg,0,boat,0.7555438280105591,10687
MemCat - n02934451_5338.jpg,0,boat,0.7749868035316467,24397
MemCat - n03541923_1742.jpg,0,kite,0.2732091546058655,1633
MemCat - n03670208_3334.jpg,0,car,0.8636839389801025,1793
MemCat - n03670208_3334.jpg,1,car,0.8466423749923706,29409
MemCat - n04587559_11388.jpg,0,kite,0.4272863268852234,759
MemCat - n04587559_11388.jpg,1,kite,0.33198609948158264,5566
MemCat - n07574602_27391.jpg,0,bowl,0.9465264678001404,19446
MemCat - n07574602_27391.jpg,1,cup,0.9444648027420044,15980
MemCat - n07574602_27391.jpg,2,spoon,0.944452702999115,2871
MemCat - n07574602_27391.jpg,3,dining table,0.5763715505599976,210306
MemCat - n07574602_27391.jpg,4,cake,0.4690488278865814,10893
MIRFLICKR25 - im12013.jpg,0,kite,0.7885447144508362,4477
MIRFLICKR25 - im12315.jpg,0,bench,0.9149524569511414,5685
MIRFLICKR25 - im12315.jpg,1,bench,0.8953822255134583,2529
MIRFLICKR25 - im12315.jpg,2,bench,0.6829435229301453,311
MIRFLICKR25 - im13108.jpg,0,boat,0.5876704454421997,209
MIRFLICKR25 - im13108.jpg,1,boat,0.5548694729804993,181
MIRFLICKR25 - im13108.jpg,2,boat,0.5416960716247559,181
MIRFLICKR25 - im13108.jpg,3,boat,0.47432368993759155,246
MIRFLICKR25 - im13108.jpg,4,boat,0.46273478865623474,400
MIRFLICKR25 - im13108.jpg,5,boat,0.43610459566116333,208
MIRFLICKR25 - im13108.jpg,6,boat,0.3887193202972412,571
MIRFLICKR25 - im13108.jpg,7,boat,0.33376824855804443,184
MIRFLICKR25 - im13108.jpg,8,boat,0.3323349356651306,198
MIRFLICKR25 - im13108.jpg,9,boat,0.33127012848854065,143
MIRFLICKR25 - im13108.jpg,10,boat,0.30766043066978455,334
MIRFLICKR25 - im13108.jpg,11,boat,0.29319098591804504,241
MIRFLICKR25 - im13108.jpg,12,boat,0.2707209587097168,168
MIRFLICKR25 - im13108.jpg,13,boat,0.26522591710090637,146
MIRFLICKR25 - im1385.jpg,0,bench,0.7495202422142029,318
MIRFLICKR25 - im1385.jpg,1,person,0.6532634496688843,135
MIRFLICKR25 - im1385.jpg,2,bench,0.4868108630180359,4064
MIRFLICKR25 - im1385.jpg,3,person,0.28222739696502686,147
MIRFLICKR25 - im1385.jpg,4,bench,0.2720727026462555,196
MIRFLICKR25 - im14193.jpg,0,tv,0.6063782572746277,21479
MIRFLICKR25 - im1440.jpg,0,tie,0.9526929259300232,44535
MIRFLICKR25 - im1440.jpg,1,tie,0.9419556856155396,31297
MIRFLICKR25 - im1440.jpg,2,tie,0.9240360260009766,18553
MIRFLICKR25 - im1440.jpg,3,tie,0.9058045744895935,17281
MIRFLICKR25 - im1440.jpg,4,tie,0.8866410255432129,8527
MIRFLICKR25 - im1440.jpg,5,tie,0.8287672400474548,10242
MIRFLICKR25 - im14658.jpg,0,person,0.8667675852775574,3242
MIRFLICKR25 - im14658.jpg,1,clock,0.38875535130500793,3491
MIRFLICKR25 - im14658.jpg,2,book,0.314299613237381,547
MIRFLICKR25 - im14658.jpg,3,book,0.27346011996269226,475
MIRFLICKR25 - im14658.jpg,4,chair,0.2699357867240906,1928
MIRFLICKR25 - im14658.jpg,5,chair,0.26865801215171814,628
MIRFLICKR25 - im14658.jpg,6,book,0.26808875799179077,506
MIRFLICKR25 - im14658.jpg,7,book,0.26125600934028625,378
MIRFLICKR25 - im15245.jpg,0,person,0.8620933294296265,3058
MIRFLICKR25 - im15245.jpg,1,person,0.7473841309547424,2684
MIRFLICKR25 - im15245.jpg,2,person,0.7236354947090149,3350
MIRFLICKR25 - im15245.jpg,3,person,0.7031056880950928,780
MIRFLICKR25 - im15245.jpg,4,person,0.5703110098838806,2332
MIRFLICKR25 - im15245.jpg,5,person,0.5694591999053955,2147
MIRFLICKR25 - im15245.jpg,6,person,0.5674720406532288,815
MIRFLICKR25 - im15245.jpg,7,train,0.4910902976989746,23483
MIRFLICKR25 - im15245.jpg,8,person,0.4363151788711548,560
MIRFLICKR25 - im15245.jpg,9,person,0.4360365867614746,997
MIRFLICKR25 - im15245.jpg,10,train,0.3924327790737152,22659
MIRFLICKR25 - im15245.jpg,11,person,0.252126544713974,549
MIRFLICKR25 - im1546.jpg,0,boat,0.7187613844871521,3178
MIRFLICKR25 - im1546.jpg,1,boat,0.6516274809837341,2294
MIRFLICKR25 - im1546.jpg,2,boat,0.5976755619049072,2184
MIRFLICKR25 - im1546.jpg,3,boat,0.5736616253852844,1941
MIRFLICKR25 - im1546.jpg,4,boat,0.48269012570381165,2268
MIRFLICKR25 - im1546.jpg,5,boat,0.4505375921726227,2352
MIRFLICKR25 - im1546.jpg,6,boat,0.42133092880249023,938
MIRFLICKR25 - im1546.jpg,7,boat,0.4164368808269501,4137
MIRFLICKR25 - im1546.jpg,8,boat,0.405691534280777,1236
MIRFLICKR25 - im1546.jpg,9,boat,0.3665439188480377,1390
MIRFLICKR25 - im1546.jpg,10,boat,0.3389749228954315,935
MIRFLICKR25 - im1546.jpg,11,boat,0.26766717433929443,342
MIRFLICKR25 - im17.jpg,0,vase,0.6281080842018127,15461
MIRFLICKR25 - im20106.jpg,0,boat,0.9281637072563171,5487
MIRFLICKR25 - im20106.jpg,1,boat,0.7862555980682373,4171
MIRFLICKR25 - im20106.jpg,2,boat,0.780203104019165,2037
MIRFLICKR25 - im20106.jpg,3,boat,0.6778069138526917,3612
MIRFLICKR25 - im20106.jpg,4,boat,0.6300336122512817,1876
MIRFLICKR25 - im20106.jpg,5,boat,0.5652307868003845,173
MIRFLICKR25 - im7902.jpg,0,airplane,0.9406852722167969,19358
MIRFLICKR25 - im7902.jpg,1,airplane,0.6645811200141907,1425
VIU - image_r_103.jpg,0,chair,0.8022940158843994,7684
VIU - image_r_103.jpg,1,chair,0.5092276334762573,5909
VIU - image_r_25.jpg,0,chair,0.9409982562065125,28081
VIU - image_r_25.jpg,1,potted plant,0.8043502569198608,3522
VIU - image_r_25.jpg,2,book,0.2955479025840759,6009
VIU - image_r_25.jpg,3,book,0.27023565769195557,5823
VIU - image_r_371.jpg,0,cup,0.29364022612571716,49779
VIU - image_r_462.jpg,0,potted plant,0.5857630968093872,803
VIU - image_r_462.jpg,1,oven,0.5565339922904968,13962
VIU - image_r_462.jpg,2,oven,0.48685041069984436,7779
VIU - image_r_462.jpg,3,sink,0.44144704937934875,5817
VIU - image_r_613.jpg,0,chair,0.7515117526054382,38305
VIU - image_r_613.jpg,1,book,0.5691624283790588,2716
VIU - image_r_613.jpg,2,book,0.41190528869628906,2632
VIU - image_r_613.jpg,3,book,0.2659083902835846,2134
VIU - image_r_628.jpg,0,laptop,0.9391979575157166,31988
VIU - image_r_628.jpg,1,cup,0.8620322346687317,20200
VIU - image_r_628.jpg,2,cup,0.8592337369918823,8667
VIU - image_r_628.jpg,3,vase,0.8472381830215454,5173
VIU - image_r_628.jpg,4,scissors,0.6745339035987854,3666
VIU - image_r_628.jpg,5,potted plant,0.3870880603790283,9999
VIU - image_r_628.jpg,6,scissors,0.36919695138931274,1778
VIU - image_r_628.jpg,7,book,0.3674947917461395,8026
VIU - image_r_651.jpg,0,laptop,0.9570735692977905,22080
VIU - image_r_651.jpg,1,chair,0.9307013154029846,69427
VIU - image_r_651.jpg,2,suitcase,0.9143930673599243,12388
VIU - image_r_651.jpg,3,suitcase,0.9084049463272095,15400
VIU - image_r_651.jpg,4,suitcase,0.8558115363121033,13099
VIU - image_r_651.jpg,5,suitcase,0.7641927599906921,11967
VIU - image_r_651.jpg,6,suitcase,0.6929518580436707,35743
VIU - image_r_651.jpg,7,laptop,0.31123241782188416,514
VIU - image_r_651.jpg,8,suitcase,0.26816755533218384,20527
VIU - image_r_7.jpg,0,tv,0.9449205994606018,38690
VIU - image_r_7.jpg,1,potted plant,0.7188267111778259,39979
VIU - image_r_7.jpg,2,potted plant,0.45789554715156555,952
VIU - image_r_7.jpg,3,potted plant,0.3695361614227295,28136
VIU - image_r_739.jpg,0,tennis racket,0.9156426787376404,6539
VIU - image_r_739.jpg,1,chair,0.8590994477272034,41153
VIU - image_r_739.jpg,2,sports ball,0.644866406917572,3995
VIU - image_r_739.jpg,3,couch,0.40052586793899536,18950
VIU - image_r_739.jpg,4,book,0.27714866399765015,3903
VIU - image_r_739.jpg,5,book,0.2646568715572357,1311
VIU - image_r_772.jpg,0,chair,0.9438750147819519,41525
VIU - image_r_772.jpg,1,vase,0.5678125619888306,1654
VIU - image_r_772.jpg,2,potted plant,0.5308680534362793,2668
VIU - image_r_772.jpg,3,bowl,0.3720022141933441,477
VIU - image_r_772.jpg,4,book,0.34423157572746277,3235
VIU - image_r_772.jpg,5,book,0.3414563834667206,1169
VIU - image_r_772.jpg,6,vase,0.2697717547416687,1026
VIU - image_r_772.jpg,7,book,0.2524465024471283,4602
VIU - image_r_772.jpg,8,book,0.25004854798316956,1384
abraham-manievich_paris-street.jpg,0,person,0.6455686688423157,535
abraham-manievich_paris-street.jpg,1,person,0.5713223814964294,416
abraham-manievich_paris-street.jpg,2,person,0.545153021812439,311
adam-baltatu_still-life-with-apples-and-pipkin.jpg,0,vase,0.4801537096500397,13571
adolphe-joseph-thomas-monticelli_still-life-with-white-pitcher.jpg,0,sports ball,0.5725738406181335,8101
adolphe-joseph-thomas-monticelli_still-life-with-white-pitcher.jpg,1,teddy bear,0.40351930260658264,8727
adriaen-van-de-velde_harteveld-house-on-the-vecht-in-utrecht.jpg,0,horse,0.464255154132843,1423
adriaen-van-de-velde_harteveld-house-on-the-vecht-in-utrecht.jpg,1,person,0.3197638988494873,421
albert-bloch_study-of-shape-and-color-9-with-railway-bridge.jpg,0,clock,0.6111605763435364,7086
albert-bloch_study-of-shape-and-color-9-with-railway-bridge.jpg,1,clock,0.542687177658081,8095
albert-bloch_study-of-shape-and-color-9-with-railway-bridge.jpg,2,clock,0.4648285210132599,4215
albert-bloch_study-of-shape-and-color-9-with-railway-bridge.jpg,3,clock,0.3599820137023926,5128
albert-bloch_study-of-shape-and-color-9-with-railway-bridge.jpg,4,clock,0.2649632394313812,6465
albert-marquet_pons-charente-maritime-1901.jpg,0,person,0.5031694769859314,2974
albert-marquet_street-lamp-arcueil-1899.jpg,0,train,0.5250663161277771,31279
aleksey-savrasov_village-bulgarians-small-minaret-and-the-ruins-of-the-white-house-1874.jpg,0,person,0.3651881217956543,459
alexandre-benois_versailles-greenhouse(1).jpg,0,broccoli,0.5182185769081116,4398
alexandre-benois_versailles-greenhouse(1).jpg,1,broccoli,0.26026293635368347,6096
alexey-bogolyubov_mosque-in-istanbul.jpg,0,boat,0.7428812384605408,2559
alexey-bogolyubov_mosque-in-istanbul.jpg,1,person,0.7297658324241638,941
alexey-bogolyubov_mosque-in-istanbul.jpg,2,person,0.5903956890106201,313
alexey-bogolyubov_mosque-in-istanbul.jpg,3,person,0.5834323763847351,903
alexey-bogolyubov_mosque-in-istanbul.jpg,4,person,0.41731396317481995,303
alexey-bogolyubov_mosque-in-istanbul.jpg,5,person,0.40548646450042725,160
alexey-bogolyubov_mosque-in-istanbul.jpg,6,person,0.2931828796863556,267
alexey-zubov_st-petersburg-view-of-the-winter-palace-of-peter-i-1716.jpg,0,horse,0.28700146079063416,581
alexey-zubov_st-petersburg-view-of-the-winter-palace-of-peter-i-1716.jpg,1,person,0.2799836993217468,406
alfred-sisley_a-road-in-seine-et-marne-1875.jpg,0,person,0.7170681953430176,923
alfred-sisley_a-road-in-seine-et-marne-1875.jpg,1,person,0.3082156479358673,161
alfred-sisley_grapes-and-walnuts-1876.jpg,0,knife,0.9028087258338928,2755
alfred-sisley_grapes-and-walnuts-1876.jpg,1,dining table,0.6119362711906433,100304
alfred-sisley_grapes-and-walnuts-1876.jpg,2,knife,0.5266249775886536,2508
alfred-sisley_grapes-and-walnuts-1876.jpg,3,orange,0.3853798508644104,637
alfred-sisley_grapes-and-walnuts-1876.jpg,4,apple,0.3796229362487793,633
alfred-sisley_the-saint-martin-canal-1872.jpg,0,person,0.4476892650127411,574
alvaro-lapa_criminals-and-their-properties-1974.jpg,0,bench,0.6843274831771851,26018
andre-derain_landscape-1907.jpg,0,bird,0.3496435284614563,7450
andre-derain_landscape-1907.jpg,1,bird,0.3277592658996582,12517
andre-derain_landscape-1907.jpg,2,cake,0.2736991047859192,215840
andre-dunoyer-de-segonzac_still-life-with-peaches-and-umbrella.jpg,0,potted plant,0.9101405739784241,32216
andre-dunoyer-de-segonzac_still-life-with-peaches-and-umbrella.jpg,1,knife,0.6849756836891174,274
andre-dunoyer-de-segonzac_still-life-with-peaches-and-umbrella.jpg,2,dining table,0.5636088252067566,159557
andre-dunoyer-de-segonzac_still-life-with-peaches-and-umbrella.jpg,3,knife,0.463337779045105,766
andre-dunoyer-de-segonzac_still-life-with-peaches-and-umbrella.jpg,4,knife,0.4542756974697113,1294
andre-dunoyer-de-segonzac_still-life-with-peaches-and-umbrella.jpg,5,knife,0.39260241389274597,1046
andrei-ryabushkin_mikhailovsky-street-in-novgorod.jpg,0,person,0.9158687591552734,2555
andrei-ryabushkin_red-house.jpg,0,chair,0.885055661201477,16544
anna-ostroumova-lebedeva_academy-of-arts-1922-1.jpg,0,person,0.37363654375076294,56
anna-ostroumova-lebedeva_academy-of-arts-1922-1.jpg,1,person,0.341630220413208,87
anna-ostroumova-lebedeva_academy-of-arts-1922-1.jpg,2,person,0.3411155045032501,0
anna-ostroumova-lebedeva_alley-in-tsarskoe-selo-1905.jpg,0,person,0.6938692927360535,1498
anna-ostroumova-lebedeva_alley-in-tsarskoe-selo-1905.jpg,1,person,0.6560025811195374,831
anna-ostroumova-lebedeva_alley-in-tsarskoe-selo-1905.jpg,2,person,0.32654842734336853,1438
anna-ostroumova-lebedeva_chain-bridge-in-st-petersburg-1903.jpg,0,person,0.5673332214355469,1062
anna-ostroumova-lebedeva_chain-bridge-in-st-petersburg-1903.jpg,1,person,0.4188564121723175,583
anna-ostroumova-lebedeva_chain-bridge-in-st-petersburg-1903.jpg,2,person,0.38960525393486023,1900
anna-ostroumova-lebedeva_chain-bridge-in-st-petersburg-1903.jpg,3,person,0.385483980178833,1452
anna-ostroumova-lebedeva_chain-bridge-in-st-petersburg-1903.jpg,4,person,0.34177106618881226,613
anna-ostroumova-lebedeva_chain-bridge-in-st-petersburg-1903.jpg,5,person,0.2916671335697174,541
anna-ostroumova-lebedeva_chain-bridge-in-st-petersburg-1903.jpg,6,person,0.264017790555954,900
antoine-blanchard_le-chatelet.jpg,0,person,0.758610188961029,2949
antoine-blanchard_le-chatelet.jpg,1,person,0.7231383919715881,2620
antoine-blanchard_le-chatelet.jpg,2,person,0.7024266123771667,1515
antoine-blanchard_le-chatelet.jpg,3,person,0.6530050039291382,1490
antoine-blanchard_le-chatelet.jpg,4,person,0.645668625831604,1561
antoine-blanchard_le-chatelet.jpg,5,person,0.644904613494873,1333
antoine-blanchard_le-chatelet.jpg,6,car,0.6385447978973389,2848
antoine-blanchard_le-chatelet.jpg,7,person,0.5927711129188538,1196
antoine-blanchard_le-chatelet.jpg,8,horse,0.5842730402946472,2492
antoine-blanchard_le-chatelet.jpg,9,person,0.5696576833724976,902
antoine-blanchard_le-chatelet.jpg,10,person,0.5079150795936584,465
antoine-blanchard_le-chatelet.jpg,11,person,0.38734862208366394,1189
antoine-blanchard_le-chatelet.jpg,12,horse,0.35992351174354553,1029
antoine-blanchard_le-chatelet.jpg,13,person,0.29659485816955566,368
antoine-blanchard_le-chatelet.jpg,14,person,0.2744048237800598,2088
antoine-blanchard_le-chatelet.jpg,15,horse,0.2676544785499573,2246
antoine-blanchard_le-chatelet.jpg,16,person,0.2563144564628601,293
arkhip-kuindzhi_view-of-the-isaac-cathedral-at-moonlight-night-1869.jpg,0,boat,0.4337746202945709,988
armand-guillaumin_la-campagne-1895.jpg,0,person,0.84309983253479,1580
arthur-segal_still-life-with-bottles-1943.jpg,0,vase,0.8590232729911804,26504
arthur-segal_still-life-with-bottles-1943.jpg,1,bottle,0.8557208180427551,19022
arthur-segal_still-life-with-bottles-1943.jpg,2,bottle,0.6348822712898254,24947
arthur-segal_still-life-with-bottles-1943.jpg,3,vase,0.3620413839817047,15417
arthur-segal_still-life-with-bottles-1943.jpg,4,vase,0.3518654704093933,24880
atsuko-tanaka_untitled.jpg,0,cake,0.35799065232276917,15889
atsuko-tanaka_untitled.jpg,1,cake,0.3249339163303375,12030
audrey-flack_invocation-1982.jpg,0,vase,0.863035261631012,10972
august-macke_untitled.jpg,0,vase,0.8351450562477112,9924
august-macke_untitled.jpg,1,potted plant,0.802862286567688,47670
barnett-newman_the-blessing-1944.jpg,0,orange,0.6370442509651184,14349
basil-beattie_circus-1984.jpg,0,frisbee,0.7271132469177246,6834
basil-beattie_circus-1984.jpg,1,frisbee,0.70330411195755,13642
basil-beattie_circus-1984.jpg,2,cake,0.5812118649482727,157774
bela-czobel_still-life-with-oranges.jpg,0,carrot,0.848045289516449,2519
bela-czobel_still-life-with-oranges.jpg,1,carrot,0.8346583247184753,3037
bela-czobel_still-life-with-oranges.jpg,2,carrot,0.8196755051612854,2956
bela-czobel_still-life-with-oranges.jpg,3,carrot,0.8125306367874146,2817
bela-czobel_still-life-with-oranges.jpg,4,carrot,0.5845768451690674,1835
bela-czobel_still-life-with-oranges.jpg,5,carrot,0.4960578382015228,2833
bela-czobel_still-life-with-oranges.jpg,6,broccoli,0.3994208574295044,7003
bela-czobel_still-life-with-oranges.jpg,7,carrot,0.3638356029987335,33536
bela-czobel_still-life-with-oranges.jpg,8,carrot,0.3589668273925781,2242
bela-czobel_still-life-with-oranges.jpg,9,carrot,0.3528496026992798,17924
bela-czobel_still-life-with-oranges.jpg,10,broccoli,0.32696738839149475,9226
bela-czobel_still-life-with-oranges.jpg,11,broccoli,0.32084518671035767,3410
bernardo-bellotto_carmelite-church-in-warsaw-1780.jpg,0,horse,0.8219177722930908,964
bernardo-bellotto_carmelite-church-in-warsaw-1780.jpg,1,person,0.7120415568351746,509
bernardo-bellotto_carmelite-church-in-warsaw-1780.jpg,2,person,0.6578862071037292,450
bernardo-bellotto_carmelite-church-in-warsaw-1780.jpg,3,horse,0.6277165412902832,969
bernardo-bellotto_carmelite-church-in-warsaw-1780.jpg,4,person,0.5059637427330017,530
bernardo-bellotto_carmelite-church-in-warsaw-1780.jpg,5,person,0.31591174006462097,218
bernardo-bellotto_carmelite-church-in-warsaw-1780.jpg,6,person,0.3122279644012451,495
bernardo-bellotto_carmelite-church-in-warsaw-1780.jpg,7,person,0.28434044122695923,371
bernardo-bellotto_carmelite-church-in-warsaw-1780.jpg,8,clock,0.2666175365447998,167
bernardo-bellotto_church-of-the-holy-sacrament-in-the-new-town-1778.jpg,0,person,0.548437774181366,582
bernardo-bellotto_church-of-the-holy-sacrament-in-the-new-town-1778.jpg,1,person,0.5453261137008667,715
bernardo-bellotto_church-of-the-holy-sacrament-in-the-new-town-1778.jpg,2,person,0.5308013558387756,677
bernardo-bellotto_church-of-the-holy-sacrament-in-the-new-town-1778.jpg,3,person,0.4352928102016449,531
bernardo-bellotto_church-of-the-holy-sacrament-in-the-new-town-1778.jpg,4,person,0.4135393798351288,538
bernardo-bellotto_church-of-the-holy-sacrament-in-the-new-town-1778.jpg,5,person,0.3488367199897766,635
bernardo-bellotto_church-of-the-holy-sacrament-in-the-new-town-1778.jpg,6,person,0.32925471663475037,331
bernardo-bellotto_church-of-the-holy-sacrament-in-the-new-town-1778.jpg,7,person,0.290912002325058,449
bernardo-bellotto_church-of-the-holy-sacrament-in-the-new-town-1778.jpg,8,person,0.2798200249671936,454
bernardo-bellotto_church-of-the-holy-sacrament-in-the-new-town-1778.jpg,9,person,0.2593834102153778,570
bernardo-bellotto_the-imperial-summer-residence-garden-1758.jpg,0,boat,0.4655604660511017,944
bernardo-bellotto_the-imperial-summer-residence-garden-1758.jpg,1,person,0.3121262788772583,159
bernardo-bellotto_the-imperial-summer-residence-garden-1758.jpg,2,person,0.2697654366493225,270
betty-parsons_untitled-1953.jpg,0,cat,0.4475732147693634,10050
boris-kustodiev_autumn-1915.jpg,0,person,0.7869771122932434,1953
boris-kustodiev_autumn-1915.jpg,1,bicycle,0.40621837973594666,2055
boris-kustodiev_ukrainian-landscape-1925.jpg,0,person,0.2708112597465515,237
camille-bombois_port-de-boulogne-1927.jpg,0,person,0.8988277912139893,1586
camille-bombois_port-de-boulogne-1927.jpg,1,person,0.8621020317077637,1436
camille-bombois_port-de-boulogne-1927.jpg,2,person,0.7460027933120728,692
camille-bombois_port-de-boulogne-1927.jpg,3,person,0.6775944828987122,179
camille-bombois_port-de-boulogne-1927.jpg,4,person,0.6644318699836731,372
camille-pissarro_brickworks-at-eragny-1888.jpg,0,person,0.7970079183578491,734
camille-pissarro_brickworks-at-eragny-1888.jpg,1,horse,0.30209603905677795,927
camille-pissarro_brickworks-at-eragny-1888.jpg,2,person,0.28319287300109863,930
camille-pissarro_haystack-eragny-1885.jpg,0,person,0.7181808948516846,364
camille-pissarro_haystack-eragny-1885.jpg,1,person,0.4825715124607086,493
camille-pissarro_the-street-of-the-citadelle-pontoise-1873.jpg,0,person,0.7897525429725647,446
camille-pissarro_the-street-of-the-citadelle-pontoise-1873.jpg,1,person,0.777610719203949,412
camille-pissarro_the-street-of-the-citadelle-pontoise-1873.jpg,2,person,0.746303379535675,1069
canaletto_feast-of-san-rocco-the-doge-visiting-the-church-and-scuola-di-s-rocco.jpg,0,person,0.6032917499542236,1273
canaletto_feast-of-san-rocco-the-doge-visiting-the-church-and-scuola-di-s-rocco.jpg,1,person,0.5622307062149048,1612
canaletto_feast-of-san-rocco-the-doge-visiting-the-church-and-scuola-di-s-rocco.jpg,2,person,0.4416765570640564,1164
canaletto_feast-of-san-rocco-the-doge-visiting-the-church-and-scuola-di-s-rocco.jpg,3,person,0.4262586236000061,1395
canaletto_feast-of-san-rocco-the-doge-visiting-the-church-and-scuola-di-s-rocco.jpg,4,person,0.4157494306564331,930
canaletto_feast-of-san-rocco-the-doge-visiting-the-church-and-scuola-di-s-rocco.jpg,5,person,0.4027852714061737,1406
canaletto_feast-of-san-rocco-the-doge-visiting-the-church-and-scuola-di-s-rocco.jpg,6,person,0.28718236088752747,1064
canaletto_feast-of-san-rocco-the-doge-visiting-the-church-and-scuola-di-s-rocco.jpg,7,person,0.27601197361946106,948
canaletto_feast-of-san-rocco-the-doge-visiting-the-church-and-scuola-di-s-rocco.jpg,8,person,0.2697831988334656,690
canaletto_feast-of-san-rocco-the-doge-visiting-the-church-and-scuola-di-s-rocco.jpg,9,person,0.26259902119636536,733
canaletto_san-giacomo-de-rialto.jpg,0,clock,0.5224106311798096,2459
canaletto_san-giacomo-de-rialto.jpg,1,clock,0.5083100199699402,1337
canaletto_san-giacomo-de-rialto.jpg,2,person,0.3951042890548706,445
canaletto_san-giacomo-de-rialto.jpg,3,person,0.31708046793937683,327
canaletto_san-giacomo-de-rialto.jpg,4,person,0.3165886700153351,321
canaletto_san-giacomo-de-rialto.jpg,5,person,0.3046547770500183,347
canaletto_san-giacomo-de-rialto.jpg,6,person,0.2796829342842102,324
canaletto_san-giacomo-de-rialto.jpg,7,person,0.26218166947364807,337
canaletto_the-grand-canal-at-rialto.jpg,0,boat,0.7835574150085449,1549
canaletto_the-grand-canal-at-rialto.jpg,1,person,0.5489290356636047,281
canaletto_the-grand-canal-at-rialto.jpg,2,person,0.5259202718734741,263
canaletto_the-grand-canal-at-rialto.jpg,3,boat,0.3903646171092987,628
canaletto_the-grand-canal-at-rialto.jpg,4,boat,0.37423330545425415,282
canaletto_the-grand-canal-at-rialto.jpg,5,boat,0.34245747327804565,5211
canaletto_the-grand-canal-at-rialto.jpg,6,boat,0.3340969979763031,3257
canaletto_the-grand-canal-at-rialto.jpg,7,boat,0.28926071524620056,1674
canaletto_the-grand-canal-at-rialto.jpg,8,boat,0.25628337264060974,625
canaletto_the-interior-of-henry-vii-chapel-in-westminster-abbey.jpg,0,person,0.8042901754379272,1183
canaletto_the-interior-of-henry-vii-chapel-in-westminster-abbey.jpg,1,person,0.7796096801757812,1154
canaletto_the-interior-of-henry-vii-chapel-in-westminster-abbey.jpg,2,person,0.5758514404296875,336
caravaggio_not-identified-1.jpg,0,orange,0.7172895073890686,740
caravaggio_not-identified-1.jpg,1,orange,0.6641743183135986,1049
caravaggio_not-identified-1.jpg,2,apple,0.37622109055519104,1110
caravaggio_not-identified-1.jpg,3,apple,0.3696921169757843,1862
carl-larsson_harvesting-ice-1905(1).jpg,0,horse,0.7897027730941772,546
carl-larsson_harvesting-ice-1905(1).jpg,1,person,0.6116973161697388,208
carl-larsson_harvesting-ice-1905(1).jpg,2,horse,0.4565959870815277,148
carl-larsson_harvesting-ice-1905(1).jpg,3,person,0.4191284477710724,133
carl-larsson_harvesting-ice-1905(1).jpg,4,person,0.3437069058418274,172
carl-larsson_harvesting-ice-1905(1).jpg,5,horse,0.2660228908061981,191
caspar-david-friedrich_owl-on-a-grave-1837.jpg,0,bird,0.4226993918418884,19392
caspar-david-friedrich_owl-on-a-grave-1837.jpg,1,potted plant,0.2779640555381775,81257
charles-sheeler_american-landscape-1930.jpg,0,train,0.5860273838043213,10161
childe-hassam_columbus-avenue-rainy-day-1885.jpg,0,umbrella,0.8038278818130493,419
childe-hassam_columbus-avenue-rainy-day-1885.jpg,1,person,0.7680848240852356,2454
childe-hassam_columbus-avenue-rainy-day-1885.jpg,2,person,0.7370302677154541,482
childe-hassam_columbus-avenue-rainy-day-1885.jpg,3,person,0.6196528673171997,563
childe-hassam_columbus-avenue-rainy-day-1885.jpg,4,umbrella,0.5317044854164124,832
childe-hassam_columbus-avenue-rainy-day-1885.jpg,5,person,0.5315874218940735,571
childe-hassam_columbus-avenue-rainy-day-1885.jpg,6,person,0.48044559359550476,204
childe-hassam_columbus-avenue-rainy-day-1885.jpg,7,bicycle,0.4738909900188446,17595
childe-hassam_columbus-avenue-rainy-day-1885.jpg,8,person,0.41845232248306274,547
childe-hassam_columbus-avenue-rainy-day-1885.jpg,9,bus,0.3761013448238373,2592
childe-hassam_columbus-avenue-rainy-day-1885.jpg,10,person,0.3098370134830475,374
childe-hassam_columbus-avenue-rainy-day-1885.jpg,11,person,0.27164557576179504,668
childe-hassam_hill-of-the-sun-san-anselmo-california.jpg,0,bed,0.8402378559112549,220730
cornelis-springer_a-cathedral-on-a-townsquare-in-summer-1846.jpg,0,person,0.7514389157295227,755
cornelis-springer_a-cathedral-on-a-townsquare-in-summer-1846.jpg,1,person,0.7342060208320618,385
cornelis-springer_a-cathedral-on-a-townsquare-in-summer-1846.jpg,2,person,0.7083191871643066,513
cornelis-springer_a-cathedral-on-a-townsquare-in-summer-1846.jpg,3,person,0.6575238108634949,641
cornelis-springer_a-cathedral-on-a-townsquare-in-summer-1846.jpg,4,person,0.5989338755607605,782
cornelis-springer_a-cathedral-on-a-townsquare-in-summer-1846.jpg,5,person,0.43443456292152405,428
cornelis-springer_a-cathedral-on-a-townsquare-in-summer-1846.jpg,6,person,0.38343217968940735,336
cornelis-springer_a-cathedral-on-a-townsquare-in-summer-1846.jpg,7,dog,0.36271587014198303,125
cornelis-springer_a-cathedral-on-a-townsquare-in-summer-1846.jpg,8,person,0.33304548263549805,563
cornelis-springer_a-cathedral-on-a-townsquare-in-summer-1846.jpg,9,person,0.2676858603954315,332
cy-twombly_untitled-blooming-a-scattering-of-blossoms-other-things.jpg,0,stop sign,0.8820417523384094,12116
cy-twombly_untitled-blooming-a-scattering-of-blossoms-other-things.jpg,1,stop sign,0.8670750856399536,7607
cy-twombly_untitled-blooming-a-scattering-of-blossoms-other-things.jpg,2,stop sign,0.8486314415931702,13418
david-burliuk_a-street-scene.jpg,0,person,0.5646956562995911,8163
david-burliuk_a-street-scene.jpg,1,person,0.5511017441749573,2401
david-burliuk_a-street-scene.jpg,2,person,0.39820003509521484,1448
david-burliuk_a-street-scene.jpg,3,person,0.32000643014907837,1055
david-burliuk_landscape-in-new-mexico-1942.jpg,0,horse,0.3462820053100586,3539
david-smith_untitled-1963.jpg,0,toothbrush,0.4942414462566376,17154
denise-green_forces-at-play-1989.jpg,0,umbrella,0.6472181081771851,15760
ding-yanyong_vase-with-lemons-1972.jpg,0,dog,0.5287772417068481,6710
edouard-cortes_opera-paris.jpg,0,car,0.8553935885429382,4951
edouard-cortes_opera-paris.jpg,1,person,0.7807202339172363,3754
edouard-cortes_opera-paris.jpg,2,person,0.7527909278869629,2488
edouard-cortes_opera-paris.jpg,3,person,0.7201851606369019,1466
edouard-cortes_opera-paris.jpg,4,person,0.6893337965011597,598
edouard-cortes_opera-paris.jpg,5,bus,0.5665010213851929,3400
edouard-cortes_opera-paris.jpg,6,car,0.5658475160598755,2156
edouard-cortes_opera-paris.jpg,7,person,0.5280987620353699,818
edouard-cortes_opera-paris.jpg,8,car,0.36986058950424194,380
edouard-manet_peaches-1882.jpg,0,apple,0.7514148950576782,27940
edouard-manet_peaches-1882.jpg,1,apple,0.3884549140930176,4632
edouard-manet_peaches-1882.jpg,2,apple,0.34445077180862427,7845
edouard-manet_peaches-1882.jpg,3,apple,0.2808014154434204,8216
edouard-manet_the-salmon.jpg,0,wine glass,0.8806762099266052,3995
edouard-manet_the-salmon.jpg,1,bottle,0.8606559038162231,4722
edouard-manet_the-salmon.jpg,2,bowl,0.833349347114563,5637
edouard-manet_the-salmon.jpg,3,knife,0.7650178074836731,1580
edouard-manet_the-salmon.jpg,4,dining table,0.5880191326141357,103083
edouard-manet_the-salmon.jpg,5,bottle,0.580108642578125,2164
edouard-manet_the-salmon.jpg,6,sandwich,0.3255949020385742,12607
edouard-manet_the-salmon.jpg,7,dining table,0.2651035785675049,85919
edward-hopper_adam-s-house.jpg,0,fire hydrant,0.7000766396522522,661
edward-hopper_early-sunday-morning.jpg,0,fire hydrant,0.6601811647415161,672
emile-claus_the-caving-in-bank.jpg,0,cow,0.8604512214660645,2314
emile-claus_the-caving-in-bank.jpg,1,cow,0.7058093547821045,1273
emile-claus_the-caving-in-bank.jpg,2,cow,0.4019220769405365,424
ernst-ludwig-kirchner_sertigweg-1926.jpg,0,cake,0.5841525197029114,233122
eugene-delacroix_a-corner-of-the-studio(1).jpg,0,bowl,0.42060959339141846,4535
fairfield-porter_amherst-campus-no-1-1969.jpg,0,car,0.9145500659942627,2034
fairfield-porter_amherst-campus-no-1-1969.jpg,1,car,0.8994352221488953,2325
fairfield-porter_amherst-campus-no-1-1969.jpg,2,car,0.8917062282562256,3025
fernando-botero_a-stroll-by-the-lakeside.jpg,0,elephant,0.47391873598098755,81006
fernando-botero_kitchen-table.jpg,0,apple,0.6547647714614868,5365
fernando-botero_kitchen-table.jpg,1,apple,0.5220561027526855,5701
forrest-bess_the-three-doors-1959.jpg,0,vase,0.35915666818618774,9221
forrest-bess_the-three-doors-1959.jpg,1,vase,0.3122481405735016,9305
forrest-bess_untitled-1967.jpg,0,sports ball,0.6434645652770996,3337
francesco-guardi_campo-santi-giovanni-e-paolo-1763.jpg,0,boat,0.7728387117385864,3660
francesco-guardi_campo-santi-giovanni-e-paolo-1763.jpg,1,person,0.5124285817146301,248
francesco-guardi_campo-santi-giovanni-e-paolo-1763.jpg,2,boat,0.48904281854629517,6162
francesco-guardi_campo-santi-giovanni-e-paolo-1763.jpg,3,person,0.4709164500236511,324
francesco-guardi_campo-santi-giovanni-e-paolo-1763.jpg,4,person,0.3976574242115021,236
francisc-sirato_natura-statica.jpg,0,vase,0.6989216208457947,22181
francisc-sirato_natura-statica.jpg,1,vase,0.5983392000198364,53023
francisc-sirato_natura-statica.jpg,2,potted plant,0.28596338629722595,16903
francisco-de-zurbaran_still-life-1633.jpg,0,cup,0.9266738891601562,2768
francisco-de-zurbaran_still-life-1633.jpg,1,orange,0.8612468242645264,1906
francisco-de-zurbaran_still-life-1633.jpg,2,bowl,0.8564753532409668,8133
francisco-de-zurbaran_still-life-1633.jpg,3,orange,0.8179031014442444,2095
francisco-de-zurbaran_still-life-1633.jpg,4,orange,0.8099879622459412,2145
francisco-de-zurbaran_still-life-1633.jpg,5,orange,0.8041391372680664,2111
francisco-de-zurbaran_still-life-1633.jpg,6,orange,0.7396389842033386,3035
francisco-de-zurbaran_still-life-1633.jpg,7,orange,0.525272011756897,1674
francisco-de-zurbaran_still-life-1633.jpg,8,donut,0.4897032082080841,2113
francisco-de-zurbaran_still-life-1633.jpg,9,dining table,0.4490906894207001,26430
francisco-de-zurbaran_still-life-1633.jpg,10,dining table,0.34008997678756714,47071
fred-yates_on-the-promenade-1.jpg,0,boat,0.3515803813934326,55954
fred-yates_on-the-promenade-1.jpg,1,train,0.25143152475357056,55546
genevieve-asse_shared-space-2004.jpg,0,toilet,0.31587114930152893,6402
georges-braque_the-pink-napkin-1933.jpg,0,teddy bear,0.30577608942985535,177541
gerrit-dou_still-life-with-candle.jpg,0,vase,0.6379584074020386,12530
gerrit-dou_still-life-with-candle.jpg,1,clock,0.3386576473712921,4110
giuseppe-arcimboldo_the-dinner(1).jpg,0,banana,0.5082335472106934,2189
giuseppe-arcimboldo_the-dinner(1).jpg,1,banana,0.40153542160987854,6630
giuseppe-arcimboldo_the-dinner(1).jpg,2,bowl,0.34110909700393677,60838
grace-cossington-smith_bed-time-1922.jpg,0,chair,0.9227506518363953,11697
grace-cossington-smith_bed-time-1922.jpg,1,bed,0.7530476450920105,45268
grace-cossington-smith_bed-time-1922.jpg,2,bed,0.480844110250473,26043
grandma-moses_a-beautiful-world-1948.jpg,0,horse,0.8720242381095886,1341
grandma-moses_a-beautiful-world-1948.jpg,1,horse,0.7325314879417419,575
grandma-moses_a-beautiful-world-1948.jpg,2,person,0.7288033366203308,463
grandma-moses_a-beautiful-world-1948.jpg,3,person,0.6646387577056885,570
grandma-moses_a-beautiful-world-1948.jpg,4,person,0.5926641225814819,361
grandma-moses_a-beautiful-world-1948.jpg,5,person,0.5896843075752258,653
gregoire-boonzaier_still-life-with-teapot-1930.jpg,0,bottle,0.7028934359550476,7572
gregoire-boonzaier_still-life-with-teapot-1930.jpg,1,fire hydrant,0.4119265675544739,44478
gulacsy-lajos_return-of-the-pilgrims-1907.jpg,0,chair,0.822268009185791,28692
gulacsy-lajos_return-of-the-pilgrims-1907.jpg,1,chair,0.7705152034759521,20794
gulacsy-lajos_return-of-the-pilgrims-1907.jpg,2,chair,0.6048749685287476,27648
gulacsy-lajos_return-of-the-pilgrims-1907.jpg,3,chair,0.3357388973236084,6646
henri-edmond-cross_a-garden-in-provence-1901.jpg,0,person,0.8584157824516296,1746
henri-edmond-cross_a-garden-in-provence-1901.jpg,1,person,0.6099403500556946,1291
henri-fantin-latour_bowl-of-fruit-1857.jpg,0,bowl,0.6862986087799072,25751
henri-fantin-latour_bowl-of-fruit-1857.jpg,1,apple,0.45084452629089355,7699
henri-fantin-latour_still-life-corner-of-a-table-1873.jpg,0,vase,0.9228686094284058,5724
henri-fantin-latour_still-life-corner-of-a-table-1873.jpg,1,wine glass,0.8906707763671875,1986
henri-fantin-latour_still-life-corner-of-a-table-1873.jpg,2,cup,0.8896371126174927,1107
henri-fantin-latour_still-life-corner-of-a-table-1873.jpg,3,bowl,0.7525434494018555,1602
henri-fantin-latour_still-life-corner-of-a-table-1873.jpg,4,dining table,0.6490383744239807,72639
henri-fantin-latour_still-life-corner-of-a-table-1873.jpg,5,bottle,0.4862581193447113,2093
henri-fantin-latour_still-life-corner-of-a-table-1873.jpg,6,orange,0.459600031375885,474
henri-fantin-latour_still-life-corner-of-a-table-1873.jpg,7,potted plant,0.36360540986061096,52160
henri-fantin-latour_still-life-corner-of-a-table-1873.jpg,8,cup,0.25317463278770447,3040
henri-le-fauconnier_village-among-the-rocks-1910.jpg,0,elephant,0.5108985304832458,61049
henri-le-fauconnier_village-among-the-rocks-1910.jpg,1,elephant,0.319940447807312,8875
henri-le-fauconnier_village-among-the-rocks-1910.jpg,2,elephant,0.3166649043560028,15626
henri-matisse_red-fish-and-a-sculpture-1911.jpg,0,vase,0.48487886786460876,36793
henri-matisse_red-fish-and-a-sculpture-1911.jpg,1,vase,0.3998253643512726,24458
henri-matisse_still-life-with-pineapples-1.jpg,0,vase,0.8466385006904602,6137
henri-matisse_still-life-with-pineapples-1.jpg,1,vase,0.3277019262313843,3291
henri-matisse_still-life-with-pineapples-1.jpg,2,dining table,0.30538904666900635,76010
henri-rousseau_the-pink-candle-1910.jpg,0,bottle,0.971785843372345,30526
henri-rousseau_the-pink-candle-1910.jpg,1,orange,0.6245435476303101,1026
henri-rousseau_the-pink-candle-1910.jpg,2,orange,0.4028772711753845,2903
henri-rousseau_the-pink-candle-1910.jpg,3,orange,0.35050585865974426,5136
henri-rousseau_the-pink-candle-1910.jpg,4,orange,0.2961055338382721,1458
hiro-yamagata_marriage-1986.jpg,0,boat,0.6852371692657471,1323
hiro-yamagata_marriage-1986.jpg,1,umbrella,0.5911538004875183,662
hiro-yamagata_marriage-1986.jpg,2,boat,0.47833865880966187,1161
hiro-yamagata_marriage-1986.jpg,3,umbrella,0.46126845479011536,656
hiro-yamagata_marriage-1986.jpg,4,boat,0.4051813781261444,835
hiro-yamagata_marriage-1986.jpg,5,boat,0.26397907733917236,1874
horia-bernea_prapor.jpg,0,vase,0.5466119647026062,9566
ilya-mashkov_still-life-1910.jpg,0,bowl,0.2793252170085907,3025
ilya-mashkov_still-life-fruits-1910.jpg,0,bowl,0.9192244410514832,23512
ilya-mashkov_still-life-fruits-1910.jpg,1,dining table,0.8370388150215149,120508
ilya-mashkov_still-life-fruits-1910.jpg,2,orange,0.5795928239822388,2840
ilya-mashkov_still-life-fruits-1910.jpg,3,orange,0.492544025182724,2721
ilya-mashkov_still-life-fruits-1910.jpg,4,cake,0.29041042923927307,10999
ilya-mashkov_still-life-fruits-1910.jpg,5,orange,0.2734692096710205,11026
ion-pacea_composition-en-rouge.jpg,0,pizza,0.28493085503578186,52776
ion-tuculescu_looks-of-the-shadow.jpg,0,horse,0.2781713902950287,10271
ivan-aivazovsky_venice-1874.jpg,0,boat,0.5910706520080566,366
ivan-aivazovsky_venice-1874.jpg,1,person,0.5862318873405457,384
ivan-aivazovsky_venice-1874.jpg,2,boat,0.5389341711997986,1593
ivan-aivazovsky_venice-1874.jpg,3,boat,0.30274367332458496,1118
ivan-aivazovsky_venice-1874.jpg,4,boat,0.2746451795101166,499
ivan-albright_moscow-1967.jpg,0,umbrella,0.3778686225414276,9493
jack-bush_split-circle-3-1961.jpg,0,knife,0.555392861366272,17165
jamie-wyeth_monhegan-bell-1978.jpg,0,chair,0.7782192826271057,31098
janet-fish_black-bowl-red-scarf-2007.jpg,0,cup,0.5901814699172974,19776
joan-hernandez-pijuan_iris-blau-1997.jpg,0,bird,0.28846946358680725,22363
joan-miro_not_detected_227976.jpg,0,scissors,0.3449244499206543,59834
john-ferren_rock-totems-1948.jpg,0,scissors,0.542163610458374,58561
john-ferren_rock-totems-1948.jpg,1,scissors,0.2677471935749054,15053
john-henry-twachtman_the-portico.jpg,0,potted plant,0.8537389039993286,6905
john-henry-twachtman_the-portico.jpg,1,potted plant,0.7915647029876709,5386
john-henry-twachtman_the-portico.jpg,2,potted plant,0.7803525328636169,4867
john-henry-twachtman_the-portico.jpg,3,potted plant,0.7474046349525452,4086
john-henry-twachtman_the-portico.jpg,4,potted plant,0.7362200617790222,2672
john-henry-twachtman_the-portico.jpg,5,potted plant,0.4948529601097107,23605
john-henry-twachtman_the-portico.jpg,6,potted plant,0.4469887912273407,10495
john-henry-twachtman_the-portico.jpg,7,vase,0.2601206600666046,3127
john-hoyland_dido-1979.jpg,0,bed,0.8001788258552551,145737
josefa-de-obidos_natureza-morta-caixa-com-potes-1660.jpg,0,bowl,0.7084116339683533,5859
josefa-de-obidos_natureza-morta-caixa-com-potes-1660.jpg,1,vase,0.45668989419937134,11713
josefa-de-obidos_natureza-morta-caixa-com-potes-1660.jpg,2,potted plant,0.3310808837413788,15171
jury-annenkov_view-of-paris-from-meudon.jpg,0,vase,0.3260243237018585,681
kuzma-petrov-vodkin_apple-and-lemon-1930.jpg,0,orange,0.8727311491966248,10333
kuzma-petrov-vodkin_apple-and-lemon-1930.jpg,1,dining table,0.6955071091651917,150090
kuzma-petrov-vodkin_apple-and-lemon-1930.jpg,2,orange,0.4373742938041687,17379
lajos-tihanyi_pont-st-michel-1908.jpg,0,bed,0.2689487338066101,75333
louis-vivin_au-bord-de-la-rivi-re-en-hiver-1930.jpg,0,horse,0.8618184328079224,1149
louis-vivin_au-bord-de-la-rivi-re-en-hiver-1930.jpg,1,person,0.8154348134994507,453
louis-vivin_au-bord-de-la-rivi-re-en-hiver-1930.jpg,2,boat,0.7894327044487,2767
louis-vivin_au-bord-de-la-rivi-re-en-hiver-1930.jpg,3,horse,0.7411748170852661,1274
louis-vivin_au-bord-de-la-rivi-re-en-hiver-1930.jpg,4,person,0.7247719168663025,350
louis-vivin_au-bord-de-la-rivi-re-en-hiver-1930.jpg,5,person,0.720060408115387,303
louis-vivin_au-bord-de-la-rivi-re-en-hiver-1930.jpg,6,person,0.6305467486381531,308
louis-vivin_au-bord-de-la-rivi-re-en-hiver-1930.jpg,7,person,0.5640103220939636,366
louis-vivin_au-bord-de-la-rivi-re-en-hiver-1930.jpg,8,person,0.38244253396987915,299
mary-fedden_ben-s-box-1994.jpg,0,zebra,0.9277791380882263,4718
mary-fedden_ben-s-box-1994.jpg,1,cup,0.7152097821235657,5110
mary-fedden_ben-s-box-1994.jpg,2,cup,0.40646135807037354,3004
mary-fedden_ben-s-box-1994.jpg,3,cup,0.329660564661026,3357
mary-fedden_ben-s-box-1994.jpg,4,vase,0.32820048928260803,18022
mary-fedden_ben-s-box-1994.jpg,5,bowl,0.32299917936325073,1299
mary-fedden_ben-s-box-1994.jpg,6,bowl,0.3145896792411804,37337
mary-fedden_ben-s-box-1994.jpg,7,bowl,0.2945545017719269,3952
mary-fedden_ben-s-box-1994.jpg,8,orange,0.28110620379447937,1338
mary-fedden_ben-s-box-1994.jpg,9,orange,0.2547254264354706,1330
maurice-utrillo_basilica.jpg,0,person,0.5226625800132751,681
maurice-utrillo_basilica.jpg,1,person,0.505824863910675,669
maurice-utrillo_basilica.jpg,2,person,0.3874584138393402,3506
maurice-utrillo_basilica.jpg,3,horse,0.2735495865345001,263
maurice-utrillo_basilica.jpg,4,person,0.27084580063819885,219
maurice-utrillo_basilica.jpg,5,person,0.2705901265144348,165
max-pechstein_meadow-at-the-moritzburg-1910.jpg,0,person,0.35002854466438293,5427
max-pechstein_meadow-at-the-moritzburg-1910.jpg,1,boat,0.2993163466453552,68997
nicolae-darascu_still-life-with-pumpkin.jpg,0,vase,0.7169615626335144,14471
nicolae-darascu_still-life-with-pumpkin.jpg,1,dining table,0.550108015537262,150758
nicolae-darascu_still-life-with-pumpkin.jpg,2,orange,0.5378292202949524,10980
nicolae-darascu_still-life-with-pumpkin.jpg,3,orange,0.4042343497276306,6171
nicolae-darascu_still-life-with-pumpkin.jpg,4,orange,0.36720535159111023,4158
pablo-picasso_geometrical-composition-the-guitar-1913.jpg,0,tie,0.34688520431518555,12381
patrick-caulfield_the-letter-1967.jpg,0,kite,0.4616033136844635,24147
yves-gaucher_danse-carr-e-once-upon-a-square-1964.jpg,0,clock,0.5515283942222595,125706
yves-gaucher_danse-carr-e-once-upon-a-square-1964.jpg,1,stop sign,0.29855966567993164,125758
