file_name,BBox_#,centerX,centerY,width_box,height_box,class,confidence,axis,rotation
AADB - farm1_260_20156759346_a5ab2f2a78_b.jpg,0,192.3082046508789,300.4986877441406,58.284073,80.54474,56.0,0.874608,vertical_axis,0
AADB - farm1_260_20156759346_a5ab2f2a78_b.jpg,1,307.46885681152344,303.5241241455078,61.542816,74.364044,56.0,0.84322464,vertical_axis,0
AADB - farm1_260_20156759346_a5ab2f2a78_b.jpg,2,252.87974548339844,301.49354553222656,145.05972,78.71597,60.0,0.6261322,vertical_axis,0
AADB - farm1_260_20156759346_a5ab2f2a78_b.jpg,3,338.54327392578125,297.6358108520508,19.578125,85.85527,56.0,0.58540255,vertical_axis,0
AADB - farm1_260_20156759346_a5ab2f2a78_b.jpg,4,205.3304443359375,265.9524154663086,20.13208,25.928848,56.0,0.501245,vertical_axis,0
AADB - farm1_260_20156759346_a5ab2f2a78_b.jpg,5,259.3822784423828,293.1326446533203,43.03775,90.61923,56.0,0.497689,vertical_axis,0
AADB - farm1_260_20156759346_a5ab2f2a78_b.jpg,6,264.96661376953125,205.80337524414062,47.50763,76.48535,62.0,0.46917894,vertical_axis,0
AADB - farm1_260_20156759346_a5ab2f2a78_b.jpg,7,252.70121002197266,281.981201171875,145.3004,40.0506,60.0,0.45806083,vertical_axis,0
AADB - farm1_260_20156759346_a5ab2f2a78_b.jpg,8,316.5025177001953,204.9833984375,47.658844,76.44229,62.0,0.4579337,vertical_axis,0
AADB - farm1_260_20156759346_a5ab2f2a78_b.jpg,9,217.56961059570312,295.9572219848633,45.31958,86.429,56.0,0.31214043,vertical_axis,0
AADB - farm1_260_20156759346_a5ab2f2a78_b.jpg,10,262.71356201171875,256.7811050415039,31.169006,17.263657,56.0,0.30858728,vertical_axis,0
AADB - farm1_550_20000925099_b4fdcc8d06_b.jpg,0,288.45436096191406,199.9224853515625,53.647552,43.116455,8.0,0.36125517,vertical_axis,0
AADB - farm1_550_20000925099_b4fdcc8d06_b.jpg,1,296.36106872558594,477.56964111328125,175.00406,68.353516,37.0,0.2727778,vertical_axis,0
AADB - farm4_3708_20118214951_4b050ec0bc_b.jpg,0,202.5662384033203,228.52202606201172,37.337067,51.289932,0.0,0.83138466,vertical_axis,0
AADB - farm4_3708_20118214951_4b050ec0bc_b.jpg,1,482.86181640625,209.44473266601562,13.237488,26.093414,0.0,0.65869653,vertical_axis,0
AADB - farm4_3708_20118214951_4b050ec0bc_b.jpg,2,114.20522689819336,191.28591918945312,29.276375,14.9216,2.0,0.63209945,vertical_axis,0
AADB - farm4_3708_20118214951_4b050ec0bc_b.jpg,3,198.8085708618164,188.0512237548828,15.378311,7.9609375,2.0,0.4556312,vertical_axis,0
AADB - farm4_3708_20118214951_4b050ec0bc_b.jpg,4,34.62609939277172,266.9204635620117,68.99918,68.336624,13.0,0.32497364,vertical_axis,0
AADB - farm4_3708_20118214951_4b050ec0bc_b.jpg,5,190.2210464477539,194.2801284790039,6.2049713,15.867935,0.0,0.28063986,vertical_axis,0
BSD - 188063.jpg,0,246.80963134765625,179.90164947509766,29.72931,84.50569,0.0,0.87323964,vertical_axis,0
BSD - 188063.jpg,1,339.0671920776367,170.2091293334961,178.79933,131.28471,33.0,0.61372095,vertical_axis,0
BSD - 35008.jpg,0,258.4856905937195,167.71323546767235,504.8575,334.6791,58.0,0.66522896,vertical_axis,0
BSD - 35008.jpg,1,255.65151977539062,168.45657348632812,507.17365,335.00348,56.0,0.37200314,vertical_axis,0
CAT2000 - 193.jpg,0,292.7900161743164,146.31972122192383,178.16264,172.95331,14.0,0.73416656,vertical_axis,0
CAT2000 - 193.jpg,1,163.5806884765625,136.83952713012695,66.71484,72.24743,14.0,0.60926056,vertical_axis,0
CAT2000 -169.jpg,0,53.1389686614275,61.19253349304199,106.05262,52.397312,13.0,0.88089556,vertical_axis,0
COCO - 000000000605.jpg,0,324.1520309448242,169.35596466064453,175.91939,143.32224,41.0,0.96139306,vertical_axis,0
COCO - 000000000605.jpg,1,386.0426330566406,81.39739799499512,113.46063,112.908394,41.0,0.9466378,vertical_axis,0
COCO - 000000000605.jpg,2,234.03985595703125,169.59442901611328,54.285217,146.35648,44.0,0.74187475,vertical_axis,0
COCO - 000000000605.jpg,3,255.9086456298828,191.26736146211624,508.9833,381.02505,60.0,0.5142917,vertical_axis,0
COCO - 000000000605.jpg,4,231.6108169555664,203.3727798461914,49.10472,78.6266,44.0,0.46521237,vertical_axis,0
COCO - 000000000605.jpg,5,111.43000030517578,33.34068375080824,151.73871,66.50062,45.0,0.2973976,vertical_axis,0
COCO - 000000011336.jpg,0,303.0734100341797,228.8088150024414,330.13184,309.2731,19.0,0.9660265,vertical_axis,0
COCO - 000000012986.jpg,0,267.8132858276367,250.13933563232422,304.29236,188.37086,13.0,0.9591474,vertical_axis,0
COCO - 000000014855.jpg,0,423.83502197265625,275.20909118652344,17.097473,22.475067,74.0,0.770692,vertical_axis,0
COCO - 000000014855.jpg,1,384.1415557861328,274.1036682128906,17.723236,25.924072,74.0,0.73643965,vertical_axis,0
COCO - 000000020765.jpg,0,134.69716262817383,103.80876541137695,155.10419,127.960106,46.0,0.5427215,vertical_axis,0
COCO - 000000020765.jpg,1,96.2575798034668,101.37960433959961,78.91999,114.284256,46.0,0.42591694,vertical_axis,0
COCO - 000000022340.jpg,0,170.07526551187038,307.5994110107422,339.67416,300.1002,53.0,0.9680526,vertical_axis,0
COCO - 000000022340.jpg,1,170.5845306366682,134.63968658447266,340.77902,45.82744,43.0,0.901187,vertical_axis,0
COCO - 000000022340.jpg,2,277.1532211303711,189.3548355102539,129.69356,100.198135,43.0,0.8553518,vertical_axis,0
COCO - 000000024899.jpg,0,231.3510513305664,149.42884063720703,306.70435,173.93805,6.0,0.9230418,vertical_axis,0
COCO - 000000027667.jpg,0,270.6790008544922,375.1925354003906,25.295502,17.17688,0.0,0.7852618,vertical_axis,0
COCO - 000000027667.jpg,1,137.72684478759766,366.20811462402344,27.072098,35.265533,0.0,0.77091783,vertical_axis,0
COCO - 000000027667.jpg,2,333.37879943847656,368.2333526611328,21.324371,30.889252,0.0,0.6289929,vertical_axis,0
COCO - 000000027667.jpg,3,185.85970306396484,367.7443389892578,20.779984,32.0831,0.0,0.413872,vertical_axis,0
COCO - 000000027667.jpg,4,313.3534240722656,376.2076110839844,8.752808,15.196289,0.0,0.31419477,vertical_axis,0
COCO - 000000027667.jpg,5,335.6328125,376.9098205566406,14.071594,13.817505,26.0,0.30659455,vertical_axis,0
COCO - 000000037038.jpg,0,103.19700622558594,286.9165344238281,57.266113,26.142212,37.0,0.6507948,vertical_axis,0
COCO - 000000037038.jpg,1,96.3473892211914,271.85523223876953,50.190598,88.95616,0.0,0.6190742,vertical_axis,0
COCO - 000000051484.jpg,0,338.29551696777344,280.0047378540039,31.212494,71.42833,0.0,0.8076847,vertical_axis,0
COCO - 000000051484.jpg,1,332.3634338378906,253.6650848388672,73.2663,21.249603,37.0,0.7830956,vertical_axis,0
COCO - 000000051484.jpg,2,330.5294494628906,271.1263122558594,47.216003,26.067383,37.0,0.75641215,vertical_axis,0
COCO - 000000051484.jpg,3,319.20005798339844,242.40215301513672,42.821564,18.399368,37.0,0.69111884,vertical_axis,0
COCO - 000000051484.jpg,4,320.1256408691406,234.0817413330078,14.788086,31.005066,0.0,0.6093723,vertical_axis,0
COCO - 000000051484.jpg,5,327.6622619628906,248.2737808227539,14.683716,29.619614,0.0,0.3657158,vertical_axis,0
COCO - 000000055735.jpg,0,174.9386810362339,284.8008117675781,349.36057,338.71637,54.0,0.9600971,vertical_axis,0
COCO - 000000055735.jpg,1,302.0889663696289,455.15545654296875,163.10838,112.946106,54.0,0.94918334,vertical_axis,0
COCO - 000000055735.jpg,2,84.93635711073875,461.08067321777344,168.93529,101.19882,54.0,0.9399938,vertical_axis,0
COCO - 000000064236.jpg,0,235.21062469482422,173.71508026123047,364.42105,217.80159,38.0,0.98088664,vertical_axis,0
COCO - 000000064236.jpg,1,407.34368896484375,147.2608917951584,208.39117,292.4384,0.0,0.9517327,vertical_axis,0
COCO - 000000069826.jpg,0,133.086332321167,173.87554550170898,206.27603,249.4029,79.0,0.9908614,vertical_axis,0
COCO - 000000069826.jpg,1,67.42190551757812,268.9858169555664,134.26434,306.86295,39.0,0.9360019,vertical_axis,0
COCO - 000000069826.jpg,2,135.40755927562714,471.1740264892578,267.83206,80.87851,71.0,0.7790623,vertical_axis,0
COCO - 000000069826.jpg,3,348.3643493652344,261.65428161621094,78.53223,279.56622,39.0,0.74001217,vertical_axis,0
COCO - 000000069826.jpg,4,286.0900421142578,67.33858489990234,76.78769,134.67717,79.0,0.40934393,vertical_axis,0
COCO - 000000069826.jpg,5,311.6099624633789,125.19474411010742,114.017075,46.429054,78.0,0.31693387,vertical_axis,0
COCO - 000000069826.jpg,6,237.3091812133789,364.6617736816406,143.44817,187.13232,41.0,0.26193926,vertical_axis,0
COCO - 000000104809.jpg,0,197.83993530273438,187.74766540527344,101.490204,100.56372,74.0,0.9278017,vertical_axis,0
COCO - 000000104809.jpg,1,409.68603515625,154.3871612548828,147.98163,129.3565,41.0,0.8619123,vertical_axis,0
COCO - 000000134688.jpg,0,258.8778762817383,112.31357264518738,211.65459,220.32744,77.0,0.9497586,vertical_axis,0
COCO - 000000134688.jpg,1,42.14352035522461,135.6676254272461,84.28704,89.79112,41.0,0.94418013,vertical_axis,0
COCO - 000000134688.jpg,2,333.8545379638672,72.93665465712547,354.6578,145.23605,0.0,0.93408,vertical_axis,0
COCO - 000000134688.jpg,3,88.18132400512695,182.33096313476562,78.969734,72.791016,43.0,0.8855813,vertical_axis,0
COCO - 000000134688.jpg,4,134.08921432495117,191.10541534423828,44.969246,45.233475,42.0,0.82363975,vertical_axis,0
COCO - 000000134688.jpg,5,96.22040557861328,58.78566932678223,45.98001,85.96045,56.0,0.7274607,vertical_axis,0
COCO - 000000134688.jpg,6,24.88972245156765,307.0846939086914,49.487587,153.22948,41.0,0.71683884,vertical_axis,0
COCO - 000000134688.jpg,7,93.07489013671875,50.06172485649586,48.644943,99.921875,0.0,0.69805634,vertical_axis,0
COCO - 000000134688.jpg,8,256.1646209657192,257.49658966064453,511.67075,248.69768,60.0,0.67184955,vertical_axis,0
COCO - 000000134688.jpg,9,275.4851379394531,180.5730209350586,119.44293,51.775833,42.0,0.55746984,vertical_axis,0
COCO - 000000134688.jpg,10,479.1017150878906,205.3934555053711,65.33563,43.94365,43.0,0.5018344,vertical_axis,0
COCO - 000000134688.jpg,11,13.809809111058712,73.6871994137764,27.429665,146.50609,0.0,0.34633884,vertical_axis,0
COCO - 000000134688.jpg,12,24.466301918029785,62.0881462097168,31.62534,46.623756,26.0,0.34595087,vertical_axis,0
COCO - 000000134688.jpg,13,277.4584503173828,276.6145553588867,179.1575,103.01906,55.0,0.3416915,vertical_axis,0
COCO - 000000134688.jpg,14,266.7986602783203,283.06595611572266,255.38266,167.74425,45.0,0.2781237,vertical_axis,0
COCO - 000000143522.jpg,0,374.740966796875,246.7330322265625,194.24445,188.97583,33.0,0.9552625,vertical_axis,0
COCO - 000000143522.jpg,1,238.01459503173828,155.13225555419922,139.09337,150.12378,33.0,0.94643027,vertical_axis,0
COCO - 000000143522.jpg,2,52.111228942871094,39.160213470458984,86.202835,78.32043,33.0,0.9272707,vertical_axis,0
COCO - 000000143522.jpg,3,154.4942512512207,100.9652214050293,109.224724,113.90979,33.0,0.8510629,vertical_axis,0
COCO - 000000143522.jpg,4,58.08450508117676,350.5406951904297,43.23759,43.224945,33.0,0.81633574,vertical_axis,0
COCO - 000000143522.jpg,5,98.27081680297852,82.97851943969727,100.02945,109.4877,33.0,0.8054907,vertical_axis,0
COCO - 000000143522.jpg,6,74.39237403869629,251.2431411743164,29.467922,30.796188,33.0,0.7936275,vertical_axis,0
COCO - 000000143522.jpg,7,82.73355674743652,189.87767028808594,47.88364,16.266724,33.0,0.77850056,vertical_axis,0
COCO - 000000143522.jpg,8,508.8268127441406,183.04895782470703,5.93396,13.541336,33.0,0.45861322,vertical_axis,0
COCO - 000000143522.jpg,9,92.46430969238281,223.55864715576172,10.835449,7.32753,33.0,0.395224,vertical_axis,0
COCO - 000000148772.jpg,0,224.2716827392578,276.80381774902344,43.763916,133.03214,6.0,0.81504405,vertical_axis,0
COCO - 000000150237.jpg,0,368.51011657714844,95.51899337768555,74.81534,71.31714,14.0,0.9155541,vertical_axis,0
COCO - 000000150237.jpg,1,301.73744201660156,55.51119422912598,50.189545,54.17478,14.0,0.88675845,vertical_axis,0
COCO - 000000150237.jpg,2,238.3537368774414,76.34922981262207,48.5811,25.649487,14.0,0.85182387,vertical_axis,0
COCO - 000000150237.jpg,3,251.3917465209961,246.36360931396484,50.018204,31.038101,14.0,0.7061277,vertical_axis,0
COCO - 000000150237.jpg,4,73.69618606567383,241.614013671875,64.02997,43.21039,14.0,0.5616929,vertical_axis,0
COCO - 000000151575.jpg,0,108.22754192352295,116.52666091918945,196.58243,158.43642,33.0,0.9631455,vertical_axis,0
COCO - 000000151575.jpg,1,221.4242401123047,444.59727478027344,28.09497,68.14377,0.0,0.88044363,vertical_axis,0
COCO - 000000152341.jpg,0,271.3587417602539,185.40655517578125,128.49864,76.803925,13.0,0.9365534,vertical_axis,0
COCO - 000000157067.jpg,0,69.87542724609375,335.5880889892578,47.279816,14.648346,13.0,0.7577205,vertical_axis,0
COCO - 000000158702.jpg,0,179.03960418701172,252.8080062866211,113.23555,172.35762,61.0,0.90525776,vertical_axis,0
COCO - 000000158702.jpg,1,324.90049743652344,142.39260482788086,87.88925,72.11451,58.0,0.8741043,vertical_axis,0
COCO - 000000158702.jpg,2,175.04216766357422,47.92597770690918,57.956833,39.514816,58.0,0.7884949,vertical_axis,0
COCO - 000000188120.jpg,0,233.85689544677734,171.7151870727539,81.715225,194.13159,33.0,0.9332211,vertical_axis,0
COCO - 000000188120.jpg,1,267.80689239501953,292.8897476196289,45.366013,110.2957,0.0,0.89477366,vertical_axis,0
COCO - 000000188120.jpg,2,458.65098571777344,294.0948257446289,40.264862,109.94365,0.0,0.8945669,vertical_axis,0
COCO - 000000188120.jpg,3,214.5138702392578,291.31397247314453,49.224792,81.856735,0.0,0.8795767,vertical_axis,0
COCO - 000000188120.jpg,4,497.49249267578125,328.32762145996094,28.533203,40.09366,16.0,0.8267506,vertical_axis,0
COCO - 000000188120.jpg,5,429.8920593261719,294.54820251464844,20.404785,55.435272,0.0,0.7461903,vertical_axis,0
COCO - 000000188120.jpg,6,53.54498291015625,160.892333984375,5.814087,7.7110596,33.0,0.5716076,vertical_axis,0
COCO - 000000188120.jpg,7,110.69154357910156,168.80813598632812,28.350266,15.236084,33.0,0.47568548,vertical_axis,0
COCO - 000000188120.jpg,8,12.188993073999882,245.23870086669922,24.214699,20.879288,33.0,0.462139,vertical_axis,0
COCO - 000000188120.jpg,9,386.04685974121094,311.1201477050781,10.437592,22.993958,0.0,0.42915836,vertical_axis,0
COCO - 000000188120.jpg,10,360.5810852050781,310.97877502441406,8.373108,21.597565,0.0,0.42695802,vertical_axis,0
COCO - 000000188120.jpg,11,343.1451873779297,306.90562438964844,11.230804,30.79483,0.0,0.3949963,vertical_axis,0
COCO - 000000188120.jpg,12,88.69486236572266,303.2403869628906,12.048172,36.828125,0.0,0.38488922,vertical_axis,0
COCO - 000000188120.jpg,13,60.80729866027832,306.09617614746094,8.570934,19.568024,0.0,0.3813174,vertical_axis,0
COCO - 000000188120.jpg,14,81.01012802124023,304.8744659423828,10.625557,35.958588,0.0,0.31724313,vertical_axis,0
COCO - 000000188120.jpg,15,235.72856903076172,305.36265563964844,8.62587,30.655853,0.0,0.27699494,vertical_axis,0
COCO - 000000188120.jpg,16,362.5126190185547,355.73486328125,44.277435,21.747375,33.0,0.27465087,vertical_axis,0
COCO - 000000188120.jpg,17,42.8163948059082,300.70884704589844,11.002037,29.69638,0.0,0.25512296,vertical_axis,0
COCO - 000000195724.jpg,0,48.077382668852806,366.5169982910156,95.77813,150.15887,42.0,0.9484233,vertical_axis,0
COCO - 000000195724.jpg,1,123.19807434082031,234.81008911132812,94.91058,77.59796,41.0,0.9308506,vertical_axis,0
COCO - 000000195724.jpg,2,190.59735107421875,195.22319793701172,50.62918,87.466415,41.0,0.92827094,vertical_axis,0
COCO - 000000195724.jpg,3,24.329022217541933,307.2168426513672,48.567932,62.176666,43.0,0.9246816,vertical_axis,0
COCO - 000000195724.jpg,4,264.32340240478516,367.9352569580078,191.40074,147.44022,48.0,0.9038272,vertical_axis,0
COCO - 000000195724.jpg,5,69.54057121276855,125.92778778076172,85.221375,130.08743,56.0,0.8978371,vertical_axis,0
COCO - 000000195724.jpg,6,256.2435073852539,123.89203262329102,254.74687,152.31796,56.0,0.89716053,vertical_axis,0
COCO - 000000195724.jpg,7,191.77597045898438,346.6976013183594,382.33783,326.35205,60.0,0.8543777,vertical_axis,0
COCO - 000000195724.jpg,8,38.12070846557617,46.637022972106934,63.816124,76.46324,0.0,0.84217787,vertical_axis,0
COCO - 000000195724.jpg,9,37.81009369343519,141.12298583984375,75.46159,160.0592,56.0,0.8069123,vertical_axis,0
COCO - 000000195724.jpg,10,107.44738006591797,112.39291000366211,50.240555,112.93143,56.0,0.7396265,vertical_axis,0
COCO - 000000195724.jpg,11,67.38389015197754,32.03650093078613,25.458767,42.008804,0.0,0.62164074,vertical_axis,0
COCO - 000000195724.jpg,12,8.190441705286503,34.93605995178223,16.304083,43.1962,0.0,0.60956866,vertical_axis,0
COCO - 000000195724.jpg,13,89.75511932373047,29.353473663330078,21.866943,55.77665,0.0,0.5621751,vertical_axis,0
COCO - 000000195724.jpg,14,111.77461242675781,40.15511131286621,27.711426,39.46718,0.0,0.47104666,vertical_axis,0
COCO - 000000195724.jpg,15,136.20573806762695,237.9727554321289,116.14504,34.05458,44.0,0.46553504,vertical_axis,0
COCO - 000000195724.jpg,16,122.15494155883789,41.91428565979004,22.537865,53.729767,0.0,0.38397792,vertical_axis,0
COCO - 000000195724.jpg,17,37.29289102554321,95.57502365112305,63.145767,24.071922,60.0,0.3484325,vertical_axis,0
COCO - 000000195724.jpg,18,16.99712333828211,70.88249015808105,33.902218,28.520939,0.0,0.27070683,vertical_axis,0
COCO - 000000195724.jpg,19,34.6536750793457,112.82048797607422,69.23484,60.04091,60.0,0.25974292,vertical_axis,0
COCO - 000000211837.jpg,0,242.7926788330078,177.4212646484375,31.791107,31.77304,22.0,0.8300886,vertical_axis,0
COCO - 000000211837.jpg,1,346.6184387207031,186.1646270751953,26.108826,40.26996,22.0,0.81362605,vertical_axis,0
COCO - 000000211837.jpg,2,118.9429931640625,167.11768341064453,32.588104,32.363815,22.0,0.808507,vertical_axis,0
COCO - 000000211837.jpg,3,297.1637725830078,182.57427215576172,33.53653,31.491165,22.0,0.7971448,vertical_axis,0
COCO - 000000211837.jpg,4,436.0331115722656,191.69735717773438,40.148804,38.872528,22.0,0.7929087,vertical_axis,0
COCO - 000000211837.jpg,5,375.8165588378906,185.84403228759766,34.44165,39.06511,22.0,0.74870896,vertical_axis,0
COCO - 000000211837.jpg,6,401.0673828125,185.8082046508789,28.708496,39.92964,22.0,0.6911557,vertical_axis,0
COCO - 000000211837.jpg,7,169.2795181274414,171.7608413696289,19.890244,33.946854,22.0,0.6743475,vertical_axis,0
COCO - 000000211837.jpg,8,195.2264175415039,175.6983184814453,30.766006,30.433533,22.0,0.5949179,vertical_axis,0
COCO - 000000211837.jpg,9,96.14413452148438,168.89624786376953,16.763123,32.705032,22.0,0.5758913,vertical_axis,0
COCO - 000000211837.jpg,10,445.7576141357422,182.31494140625,42.521088,30.695465,22.0,0.5504806,vertical_axis,0
COCO - 000000211837.jpg,11,143.0906524658203,167.38286590576172,18.559418,37.828506,22.0,0.51705223,vertical_axis,0
COCO - 000000211837.jpg,12,217.7954864501953,177.6121597290039,16.18341,22.772629,22.0,0.41083845,vertical_axis,0
COCO - 000000211837.jpg,13,154.68316650390625,166.77466583251953,14.303131,33.753372,22.0,0.25128168,vertical_axis,0
COCO - 000000217289.jpg,0,191.00857543945312,275.39087677001953,145.96368,422.57706,38.0,0.962404,vertical_axis,0
COCO - 000000217289.jpg,1,323.2447814941406,156.3977813720703,120.00964,34.4834,73.0,0.86820525,vertical_axis,0
COCO - 000000217289.jpg,2,229.98399353027344,231.27787017822266,306.7076,336.50427,56.0,0.7835411,vertical_axis,0
COCO - 000000217289.jpg,3,236.64491271972656,234.1892852783203,294.15076,339.5005,57.0,0.4866272,vertical_axis,0
COCO - 000000217289.jpg,4,334.01780700683594,138.64019012451172,92.57712,17.334335,73.0,0.44445905,vertical_axis,0
COCO - 000000217289.jpg,5,322.3190002441406,173.1902618408203,122.63965,21.787018,73.0,0.2784518,vertical_axis,0
COCO - 000000217289.jpg,6,70.90869751572609,253.05027770996094,141.48895,362.669,63.0,0.27403042,vertical_axis,0
COCO - 000000217793.jpg,0,105.8434829711914,236.73662567138672,71.884415,71.744644,56.0,0.90427613,vertical_axis,0
COCO - 000000217793.jpg,1,382.3453063964844,237.92133331298828,66.701416,73.38457,56.0,0.90096444,vertical_axis,0
COCO - 000000217793.jpg,2,314.93385314941406,235.05662536621094,62.998627,73.286835,56.0,0.8972736,vertical_axis,0
COCO - 000000217793.jpg,3,169.78929138183594,235.30828857421875,60.70508,73.99762,56.0,0.8928037,vertical_axis,0
COCO - 000000217793.jpg,4,382.19189453125,134.06487274169922,157.00781,136.93365,25.0,0.76129156,vertical_axis,0
COCO - 000000217793.jpg,5,171.3465347290039,133.37742614746094,166.11519,131.86865,25.0,0.7105093,vertical_axis,0
COCO - 000000217793.jpg,6,171.42604064941406,96.44770431518555,166.37341,58.008842,25.0,0.3364948,vertical_axis,0
COCO - 000000217793.jpg,7,382.34214782714844,92.90155029296875,157.10019,54.05815,25.0,0.27525696,vertical_axis,0
COCO - 000000240323.jpg,0,389.2991638183594,282.8375473022461,171.12354,148.4665,49.0,0.9471807,vertical_axis,0
COCO - 000000240323.jpg,1,196.53387451171875,333.296875,171.76208,78.23651,51.0,0.8841276,vertical_axis,0
COCO - 000000240323.jpg,2,200.50719451904297,298.2159652709961,218.79706,115.157425,51.0,0.66432405,vertical_axis,0
COCO - 000000240323.jpg,3,225.0498809814453,299.5307922363281,136.12076,58.85901,51.0,0.5976498,vertical_axis,0
COCO - 000000240323.jpg,4,172.0550308227539,304.9608459472656,158.42725,97.49036,51.0,0.56465626,vertical_axis,0
COCO - 000000240323.jpg,5,215.98279571533203,428.9552917480469,120.79216,152.55212,51.0,0.5590335,vertical_axis,0
COCO - 000000240323.jpg,6,197.59679412841797,371.50621032714844,159.73001,103.07541,51.0,0.426034,vertical_axis,0
COCO - 000000240323.jpg,7,242.48516082763672,409.2391815185547,252.57635,184.1984,51.0,0.36454445,vertical_axis,0
COCO - 000000240323.jpg,8,197.09758758544922,356.6766662597656,161.60303,72.59894,51.0,0.3267351,vertical_axis,0
COCO - 000000244666.jpg,0,341.73008728027344,199.0986213684082,284.64874,294.0542,75.0,0.97888035,vertical_axis,0
COCO - 000000244666.jpg,1,44.24700927734375,223.69464111328125,54.3916,85.82501,75.0,0.907278,vertical_axis,0
COCO - 000000244666.jpg,2,94.9501724243164,223.3043441772461,52.76973,86.343094,75.0,0.8936789,vertical_axis,0
COCO - 000000244666.jpg,3,145.2929458618164,223.31434631347656,53.484665,84.992584,75.0,0.88360834,vertical_axis,0
COCO - 000000268146.jpg,0,194.28493118286133,173.35275268554688,340.5561,165.34735,37.0,0.9568759,vertical_axis,0
COCO - 000000272217.jpg,0,410.98512268066406,247.18183135986328,28.079498,18.181442,45.0,0.7126884,vertical_axis,0
COCO - 000000272217.jpg,1,139.80834197998047,347.27647399902344,136.7744,72.90506,69.0,0.6410412,vertical_axis,0
COCO - 000000272217.jpg,2,411.451171875,233.3836441040039,28.151001,11.297073,45.0,0.54740596,vertical_axis,0
COCO - 000000272217.jpg,3,483.40684509277344,276.78369140625,24.090729,19.833008,41.0,0.3147614,vertical_axis,0
COCO - 000000274613.jpg,0,341.85816955566406,303.5001525878906,72.33487,47.526672,22.0,0.90475893,vertical_axis,0
COCO - 000000274613.jpg,1,304.41465759277344,291.95506286621094,31.599396,37.04251,22.0,0.7669401,vertical_axis,0
COCO - 000000274613.jpg,2,378.68165588378906,291.2301330566406,20.330475,15.544434,22.0,0.7035365,vertical_axis,0
COCO - 000000275450.jpg,0,203.96722412109375,310.32029724121094,113.34265,143.33023,13.0,0.9307816,vertical_axis,0
COCO - 000000275450.jpg,1,99.90866470336914,310.06163024902344,122.4413,140.46915,13.0,0.8806019,vertical_axis,0
COCO - 000000275450.jpg,2,106.80363845825195,188.10204315185547,21.318428,53.23436,8.0,0.7362312,vertical_axis,0
COCO - 000000275450.jpg,3,381.9296875,189.5563735961914,20.09076,41.13823,8.0,0.69967335,vertical_axis,0
COCO - 000000275450.jpg,4,228.619140625,182.34754943847656,37.413483,58.40753,8.0,0.69623184,vertical_axis,0
COCO - 000000275450.jpg,5,158.9996337890625,188.22502899169922,26.381989,50.458298,8.0,0.69085383,vertical_axis,0
COCO - 000000275450.jpg,6,65.82025146484375,208.3018569946289,43.405945,11.443314,8.0,0.48249367,vertical_axis,0
COCO - 000000275450.jpg,7,65.32087707519531,174.83541107177734,44.785355,78.71175,8.0,0.47474536,vertical_axis,0
COCO - 000000275450.jpg,8,338.82164001464844,184.27581024169922,30.471954,52.396347,8.0,0.43701196,vertical_axis,0
COCO - 000000275450.jpg,9,159.16625213623047,206.85971069335938,25.962143,13.3402405,8.0,0.3868304,vertical_axis,0
COCO - 000000275450.jpg,10,488.75303649902344,187.46653747558594,16.749725,43.16382,8.0,0.3789045,vertical_axis,0
COCO - 000000275450.jpg,11,433.33775329589844,206.37847137451172,19.670807,7.138077,8.0,0.2694082,vertical_axis,0
COCO - 000000275450.jpg,12,311.5751190185547,164.67398071289062,16.576263,7.295288,4.0,0.25014853,vertical_axis,0
COCO - 000000282675.jpg,0,253.17818450927734,186.34880828857422,95.13527,94.360886,50.0,0.92060924,vertical_axis,0
COCO - 000000347953.jpg,0,54.92156982421875,187.39058685302734,109.3988,92.03288,14.0,0.92936134,vertical_axis,0
COCO - 000000347953.jpg,1,383.67405700683594,172.94160079956055,197.95914,100.19297,14.0,0.90040344,vertical_axis,0
COCO - 000000349425.jpg,0,256.1593246459961,197.1426773071289,173.91444,172.20049,49.0,0.90105283,vertical_axis,0
COCO - 000000349425.jpg,1,377.1771545410156,311.46797943115234,200.6037,144.72969,49.0,0.7519585,vertical_axis,0
COCO - 000000349425.jpg,2,112.71823692321777,296.92610931396484,177.09361,161.78658,49.0,0.6646651,vertical_axis,0
COCO - 000000349425.jpg,3,445.3693542480469,215.8555145263672,132.80426,132.59268,49.0,0.6557453,vertical_axis,0
COCO - 000000349425.jpg,4,332.9828643798828,61.18781661987305,146.1547,122.290184,49.0,0.5336628,vertical_axis,0
COCO - 000000349425.jpg,5,122.1703109741211,55.89018326252699,147.56609,111.60761,49.0,0.47092956,vertical_axis,0
COCO - 000000349425.jpg,6,14.98822346329689,29.334897235035896,29.69604,58.23189,49.0,0.43526053,vertical_axis,0
COCO - 000000349425.jpg,7,66.7772918716073,145.77643966674805,133.44418,124.813576,47.0,0.39885545,vertical_axis,0
COCO - 000000349425.jpg,8,471.5121612548828,108.45845413208008,80.37277,114.9218,49.0,0.3450279,vertical_axis,0
COCO - 000000349425.jpg,9,452.76220703125,37.07298354804516,117.84161,73.73664,49.0,0.29519162,vertical_axis,0
COCO - 000000349425.jpg,10,43.18787232041359,328.0832977294922,86.04297,111.40048,49.0,0.271684,vertical_axis,0
COCO - 000000366713.jpg,0,285.40689849853516,238.88584899902344,84.361435,76.008026,73.0,0.9292128,vertical_axis,0
COCO - 000000366713.jpg,1,403.5143127441406,202.0773696899414,216.07312,270.38052,59.0,0.9166659,vertical_axis,0
COCO - 000000372250.jpg,0,408.07855224609375,195.0201873779297,184.44427,282.0057,20.0,0.96616733,vertical_axis,0
COCO - 000000372250.jpg,1,152.60225200653076,205.1152114868164,286.58258,247.67465,20.0,0.9543115,vertical_axis,0
COCO - 000000402570.jpg,0,183.4183349609375,267.0304260253906,35.532074,32.38672,74.0,0.8849515,vertical_axis,0
COCO - 000000402570.jpg,1,234.330078125,279.1715393066406,14.2881775,36.59265,74.0,0.8070616,vertical_axis,0
COCO - 000000430160.jpg,0,260.1934642791748,217.93628692626953,475.18488,230.99786,48.0,0.88166875,vertical_axis,0
COCO - 000000430160.jpg,1,143.02463340759277,218.82694244384766,237.58154,230.39148,46.0,0.4878664,vertical_axis,0
COCO - 000000430160.jpg,2,260.49756240844727,218.63135528564453,476.8666,230.08136,46.0,0.3877999,vertical_axis,0
COCO - 000000430160.jpg,3,254.0684356689453,47.68974840641022,506.61392,93.963554,60.0,0.2681662,vertical_axis,0
COCO - 000000436413.jpg,0,108.71856307983398,190.94168853759766,143.2717,100.689285,77.0,0.92298555,vertical_axis,0
COCO - 000000436413.jpg,1,255.65748292207718,207.68357849121094,510.07336,259.11334,59.0,0.81077796,vertical_axis,0
COCO - 000000439840.jpg,0,80.87610006332397,206.0467529296875,150.88948,227.91772,58.0,0.9507166,vertical_axis,0
COCO - 000000439840.jpg,1,308.0623550415039,188.83916473388672,109.65556,96.38936,62.0,0.9388476,vertical_axis,0
COCO - 000000439840.jpg,2,215.0959930419922,186.3284454345703,67.02295,115.356995,58.0,0.89226437,vertical_axis,0
COCO - 000000439840.jpg,3,464.3053741455078,224.763916015625,95.08127,191.04016,58.0,0.8346235,vertical_axis,0
COCO - 000000439840.jpg,4,208.21031951904297,95.29806137084961,99.16493,67.991,58.0,0.8211028,vertical_axis,0
COCO - 000000439840.jpg,5,339.7574768066406,110.96694946289062,30.412903,33.675827,58.0,0.8016688,vertical_axis,0
COCO - 000000439840.jpg,6,166.7926254272461,235.1141128540039,31.860031,37.31407,58.0,0.73030174,vertical_axis,0
COCO - 000000439840.jpg,7,169.9227294921875,115.38130187988281,23.8833,28.956482,58.0,0.45784777,vertical_axis,0
COCO - 000000439840.jpg,8,122.14041900634766,374.1865234375,50.652786,19.304504,65.0,0.4537426,vertical_axis,0
COCO - 000000439840.jpg,9,390.35984802246094,107.83666610717773,38.948578,40.54371,58.0,0.431623,vertical_axis,0
COCO - 000000461245.jpg,0,170.3565788269043,214.89368438720703,109.66584,166.93315,23.0,0.92400825,vertical_axis,0
COCO - 000000461245.jpg,1,97.29853057861328,226.87723541259766,44.522858,138.24327,23.0,0.8951859,vertical_axis,0
COCO - 000000461245.jpg,2,352.4873809814453,208.35989379882812,82.79135,183.6861,23.0,0.8328405,vertical_axis,0
COCO - 000000461245.jpg,3,175.23648071289062,222.2505645751953,66.848724,175.47012,23.0,0.8273497,vertical_axis,0
COCO - 000000461245.jpg,4,129.3924217224121,248.18106842041016,43.03602,112.710434,23.0,0.82175636,vertical_axis,0
COCO - 000000461245.jpg,5,367.0213928222656,206.50775909423828,115.234375,173.42874,23.0,0.7708454,vertical_axis,0
COCO - 000000461245.jpg,6,393.6537628173828,153.69363021850586,46.425995,73.19019,23.0,0.68208754,vertical_axis,0
COCO - 000000461245.jpg,7,69.99435997009277,272.6777877807617,25.607029,35.871292,22.0,0.54403174,vertical_axis,0
COCO - 000000461245.jpg,8,333.74517822265625,156.14784622192383,49.830383,71.148125,23.0,0.4957877,vertical_axis,0
COCO - 000000461245.jpg,9,80.2826042175293,273.8636245727539,46.362083,39.23387,22.0,0.29591537,vertical_axis,0
COCO - 000000466132.jpg,0,471.6149444580078,236.27395629882812,80.22305,293.72467,72.0,0.94388455,vertical_axis,0
COCO - 000000466132.jpg,1,375.0929260253906,282.725830078125,129.79169,202.03632,69.0,0.92231685,vertical_axis,0
COCO - 000000466132.jpg,2,131.47267150878906,211.0831756591797,111.00549,13.393066,71.0,0.64363825,vertical_axis,0
EVA - 11651.jpg,0,36.259674072265625,308.70281982421875,14.447418,36.292236,0.0,0.6216271,vertical_axis,0
EVA - 14942.jpg,0,191.00363159179688,91.6506118774414,55.663696,55.050385,74.0,0.8932964,vertical_axis,0
EVA - 14942.jpg,1,177.38935089111328,407.3394317626953,16.193283,40.194366,0.0,0.58357656,vertical_axis,0
EVA - 14942.jpg,2,151.1016387939453,483.6627960205078,19.721008,39.214264,0.0,0.5763864,vertical_axis,0
EVA - 14942.jpg,3,184.96379852294922,432.15869140625,18.113632,41.276855,0.0,0.5253355,vertical_axis,0
EVA - 14942.jpg,4,167.75326538085938,357.2623596191406,12.624634,33.729492,0.0,0.52364516,vertical_axis,0
EVA - 14942.jpg,5,128.97544479370117,236.7266616821289,11.589607,37.308792,0.0,0.50320476,vertical_axis,0
EVA - 14942.jpg,6,190.01172637939453,376.6264190673828,13.526566,40.212616,0.0,0.46857783,vertical_axis,0
EVA - 14942.jpg,7,252.25003051757812,242.00688934326172,13.608948,37.84816,0.0,0.42841557,vertical_axis,0
EVA - 14942.jpg,8,237.0612335205078,242.5240707397461,11.832367,34.973526,0.0,0.4271193,vertical_axis,0
EVA - 14942.jpg,9,48.9751091003418,214.94998168945312,23.986938,50.59912,0.0,0.40860698,vertical_axis,0
EVA - 14942.jpg,10,177.1127471923828,467.1288146972656,14.371674,38.61682,0.0,0.38922158,vertical_axis,0
EVA - 14942.jpg,11,160.7267837524414,401.42149353027344,12.66069,34.177643,0.0,0.38908944,vertical_axis,0
EVA - 14942.jpg,12,54.9139404296875,211.4973373413086,10.84568,23.67183,26.0,0.38629717,vertical_axis,0
EVA - 14942.jpg,13,78.82168579101562,388.692138671875,21.784073,53.370117,0.0,0.35185546,vertical_axis,0
EVA - 14942.jpg,14,138.04949188232422,241.6168975830078,10.583633,30.342377,0.0,0.35052854,vertical_axis,0
EVA - 14942.jpg,15,54.705963134765625,216.3226089477539,9.939491,14.036331,26.0,0.3423834,vertical_axis,0
EVA - 14942.jpg,16,182.9980697631836,366.2394104003906,13.791702,40.54181,0.0,0.26056013,vertical_axis,0
EVA - 174299.jpg,0,250.2381362915039,284.1761245727539,34.326523,154.36552,43.0,0.7770353,vertical_axis,0
EVA - 174299.jpg,1,208.76079559326172,264.8928756713867,36.255417,191.08351,43.0,0.5989206,vertical_axis,0
EVA - 174299.jpg,2,297.07554626464844,261.6679992675781,35.12216,197.3418,43.0,0.49160534,vertical_axis,0
EVA - 174299.jpg,3,345.56739807128906,238.60279083251953,35.131744,243.82433,43.0,0.3259447,vertical_axis,0
EVA - 174299.jpg,4,154.82009887695312,240.21045684814453,35.071136,239.55186,43.0,0.2558245,vertical_axis,0
EVA - 231067.jpg,0,370.842529296875,245.51084899902344,108.06152,76.8132,2.0,0.9332966,vertical_axis,0
EVA - 231067.jpg,1,294.06858825683594,401.3333282470703,227.41959,172.35892,2.0,0.92040205,vertical_axis,0
EVA - 231067.jpg,2,126.2125015258789,117.0479621887207,52.602097,42.4038,2.0,0.9066807,vertical_axis,0
EVA - 231067.jpg,3,229.7158660888672,153.48474502563477,74.62192,59.68902,2.0,0.90614516,vertical_axis,0
EVA - 231067.jpg,4,430.1100769042969,362.55517578125,51.50171,136.0622,2.0,0.84726155,vertical_axis,0
EVA - 231067.jpg,5,197.24220275878906,134.27324295043945,70.13742,53.704002,2.0,0.82560897,vertical_axis,0
EVA - 231067.jpg,6,393.46144104003906,316.0439910888672,123.87314,84.162994,2.0,0.7963242,vertical_axis,0
EVA - 231067.jpg,7,103.24811935424805,50.403249740600586,34.99244,28.520756,2.0,0.7896434,vertical_axis,0
EVA - 231067.jpg,8,169.26981353759766,122.80876922607422,55.289078,44.32109,2.0,0.7751308,vertical_axis,0
EVA - 231067.jpg,9,119.5881118774414,96.0159912109375,45.06523,35.439163,2.0,0.76827204,vertical_axis,0
EVA - 231067.jpg,10,147.9486083984375,78.32262229919434,42.292572,32.585087,2.0,0.7386216,vertical_axis,0
EVA - 236965.jpg,0,256.5421447753906,68.37860298156738,65.625305,90.572586,9.0,0.92810774,vertical_axis,0
EVA - 236965.jpg,1,430.42095947265625,197.7815399169922,57.342957,75.05151,9.0,0.8510808,vertical_axis,0
EVA - 236965.jpg,2,62.08535385131836,117.93793106079102,93.5783,74.506615,9.0,0.8331873,vertical_axis,0
EVA - 236965.jpg,3,52.32431602478027,178.05558013916016,40.692356,58.447433,9.0,0.77715385,vertical_axis,0
EVA - 236965.jpg,4,368.64207458496094,116.09736633300781,84.44516,92.59219,9.0,0.744954,vertical_axis,0
EVA - 236965.jpg,5,148.1074333190918,73.52148818969727,65.48322,81.41958,9.0,0.71627265,vertical_axis,0
EVA - 236965.jpg,6,53.3582649230957,239.69747161865234,38.793175,41.835648,9.0,0.47613958,vertical_axis,0
EVA - 236965.jpg,7,30.49594497680664,257.0892562866211,26.11567,35.46309,9.0,0.34211847,vertical_axis,0
EVA - 236965.jpg,8,452.43408203125,283.3336868286133,58.82892,55.404587,9.0,0.29258877,vertical_axis,0
EVA - 236965.jpg,9,486.35430908203125,305.5887756347656,49.24347,31.112,9.0,0.28840172,vertical_axis,0
EVA - 250452.jpg,0,75.799560546875,432.04151916503906,150.86072,159.09824,0.0,0.9047965,vertical_axis,0
EVA - 250452.jpg,1,211.65943145751953,274.3423614501953,210.73868,228.5839,38.0,0.31083512,vertical_axis,0
EVA - 282788.jpg,0,285.7686538696289,210.4176254272461,150.1201,95.15706,2.0,0.73166823,vertical_axis,0
EVA - 282788.jpg,1,460.1268615722656,219.4679718017578,103.206665,91.3215,2.0,0.71595585,vertical_axis,0
EVA - 282788.jpg,2,182.8554229736328,195.93441009521484,40.572815,42.913742,2.0,0.66302234,vertical_axis,0
EVA - 282788.jpg,3,127.18021011352539,210.5465087890625,82.10366,78.04141,2.0,0.36984393,vertical_axis,0
EVA - 29164.jpg,0,166.4639892578125,355.5787048339844,143.33472,147.51001,55.0,0.91564304,vertical_axis,0
EVA - 29164.jpg,1,33.788645170629025,353.6381378173828,67.338875,152.54276,55.0,0.88926345,vertical_axis,0
EVA - 29164.jpg,2,287.53833770751953,300.98858642578125,102.31914,135.06183,55.0,0.83276945,vertical_axis,0
EVA - 312153.jpg,0,277.43019104003906,130.1628131866455,361.12512,229.12856,1.0,0.30770877,vertical_axis,0
EVA - 333631.jpg,0,359.2349090576172,192.72656631469727,271.54306,270.93472,41.0,0.9714058,vertical_axis,0
EVA - 333631.jpg,1,134.80773162841797,247.37726593017578,200.63992,122.2354,54.0,0.32186806,vertical_axis,0
EVA - 333631.jpg,2,254.0104217529297,166.779296875,500.86606,326.77808,60.0,0.27070233,vertical_axis,0
EVA - 339259.jpg,0,278.9919967651367,303.12159729003906,193.1316,71.01425,13.0,0.83477855,vertical_axis,0
EVA - 339259.jpg,1,466.76280212402344,310.9750061035156,90.101776,59.201782,58.0,0.7983958,vertical_axis,0
EVA - 339259.jpg,2,227.9090347290039,296.5113067626953,176.91252,66.71365,13.0,0.67080295,vertical_axis,0
EVA - 339259.jpg,3,174.72369384765625,284.052978515625,139.20187,47.715027,13.0,0.6480538,vertical_axis,0
EVA - 339259.jpg,4,186.76030731201172,291.17884826660156,125.775345,59.814545,13.0,0.5822041,vertical_axis,0
EVA - 339259.jpg,5,422.9556579589844,304.09002685546875,176.66919,69.56488,13.0,0.48155195,vertical_axis,0
EVA - 339259.jpg,6,49.7184120118618,327.248291015625,98.82984,25.646729,13.0,0.40114886,vertical_axis,0
EVA - 339259.jpg,7,242.3119659423828,304.4017639160156,176.39182,66.007324,13.0,0.39832324,vertical_axis,0
EVA - 339259.jpg,8,164.49400329589844,278.7382354736328,128.5957,44.044586,13.0,0.39728013,vertical_axis,0
EVA - 339259.jpg,9,39.0208740234375,309.68389892578125,77.68567,23.6734,13.0,0.31903002,vertical_axis,0
EVA - 339282.jpg,0,47.276984214782715,214.66826629638672,30.81737,8.312607,8.0,0.58181715,vertical_axis,0
EVA - 339282.jpg,1,25.08767032623291,199.09507751464844,16.909445,30.41748,8.0,0.46890414,vertical_axis,0
EVA - 339282.jpg,2,425.27500915527344,301.4750061035156,123.750885,45.54492,8.0,0.38088125,vertical_axis,0
EVA - 345387.jpg,0,327.8742218017578,15.084466934204102,36.823334,14.784374,14.0,0.7200683,vertical_axis,0
EVA - 345927.jpg,0,113.8975944519043,164.48236846923828,158.16306,211.16156,0.0,0.5231414,vertical_axis,0
EVA - 355250.jpg,0,184.17356872558594,250.3696060180664,286.22116,306.74243,14.0,0.7429626,vertical_axis,0
EVA - 355250.jpg,1,324.1299133300781,104.84182357788086,114.56604,101.983864,47.0,0.5582607,vertical_axis,0
EVA - 35760.jpg,0,76.5001106262207,269.64478302001953,48.08335,44.585556,8.0,0.8580994,vertical_axis,0
EVA - 35760.jpg,1,24.768402874469757,305.7509307861328,48.908485,50.10031,8.0,0.83288735,vertical_axis,0
EVA - 35760.jpg,2,57.60333251953125,296.8445129394531,47.248047,49.049744,8.0,0.79612005,vertical_axis,0
EVA - 35760.jpg,3,277.5024108886719,244.9048614501953,33.501465,22.860931,8.0,0.62316996,vertical_axis,0
EVA - 35760.jpg,4,17.20349922031164,319.4693908691406,34.259953,35.9162,8.0,0.44864357,vertical_axis,0
EVA - 377221.jpg,0,186.2935562133789,179.9132537841797,129.39267,49.165527,33.0,0.9158125,vertical_axis,0
EVA - 388808.jpg,0,256.9790496826172,270.3622283935547,222.45676,137.02963,8.0,0.90363526,vertical_axis,0
EVA - 4310.jpg,0,302.9755859375,141.65398788452148,418.04883,81.73774,79.0,0.30091447,vertical_axis,0
EVA - 4310.jpg,1,207.12275087833405,220.77296447753906,412.92538,172.30508,79.0,0.25150478,vertical_axis,0
EVA - 482449.jpg,0,171.73197174072266,120.65625,58.633957,19.030853,8.0,0.5639045,vertical_axis,0
EVA - 482449.jpg,1,171.8517303466797,95.39259338378906,57.183105,12.61084,74.0,0.2618847,vertical_axis,0
EVA - 5789.jpg,0,210.87749481201172,345.8883056640625,287.76895,323.62085,14.0,0.90101886,vertical_axis,0
EVA - 58894.jpg,0,317.6610641479492,161.23179244995117,214.67183,202.00383,70.0,0.60035086,vertical_axis,0
EVA - 58894.jpg,1,118.56448212265968,260.4380340576172,236.20445,265.53622,13.0,0.45039082,vertical_axis,0
EVA - 710077.jpg,0,397.5096740722656,150.51284408569336,103.810425,95.82441,14.0,0.41998821,vertical_axis,0
EVA - 710077.jpg,1,235.4910430908203,107.65287399291992,71.16373,71.27415,14.0,0.2655995,vertical_axis,0
EVA - 710077.jpg,2,397.53558349609375,150.5465202331543,103.96118,95.57053,47.0,0.25847,vertical_axis,0
EVA - 830948.jpg,0,290.0816955566406,243.59850692749023,206.3714,392.49115,41.0,0.98657125,vertical_axis,0
EVA - 830948.jpg,1,110.30733871459961,330.902587890625,151.56702,150.99219,49.0,0.9183462,vertical_axis,0
EVA - 830948.jpg,2,220.01648253202438,311.63712310791016,438.7111,399.21738,60.0,0.88562226,vertical_axis,0
EVA - 830948.jpg,3,30.402034386992455,249.84678649902344,60.497257,88.76016,49.0,0.87331116,vertical_axis,0
EVA - 830948.jpg,4,53.293439477682114,171.01824951171875,105.790565,82.11487,49.0,0.87173796,vertical_axis,0
EVA - 830948.jpg,5,410.32823181152344,195.0917205810547,60.37979,72.10828,49.0,0.7924542,vertical_axis,0
EVA - 830948.jpg,6,122.97652053833008,234.62012481689453,136.38995,81.24028,49.0,0.7430045,vertical_axis,0
EVA - 830948.jpg,7,179.52312469482422,284.7037582397461,83.35704,149.55244,49.0,0.5924916,vertical_axis,0
EVA - 85316.jpg,0,374.50836181640625,216.00920486450195,215.11719,320.35474,15.0,0.4410118,vertical_axis,0
EVA - 85316.jpg,1,374.4207000732422,215.66168594360352,215.18936,318.77884,16.0,0.41189957,vertical_axis,0
EVA - 956489.jpg,0,234.19668579101562,82.5743179321289,38.903717,18.814453,13.0,0.4881616,vertical_axis,0
EVA - 956489.jpg,1,289.31410217285156,82.5676040649414,35.28311,19.02597,13.0,0.31692788,vertical_axis,0
FLICKR-AES -farm6_5482_11387807106_4f7c555026.jpg,0,233.11599731445312,228.97997283935547,198.0227,231.09492,17.0,0.9197896,vertical_axis,0
FLICKR-AES -farm6_5482_11387807106_4f7c555026.jpg,1,271.0783462524414,131.68224143981934,132.3972,224.96536,0.0,0.72064596,vertical_axis,0
FLICKR-AES -farm6_5501_11641391566_705dac07d7.jpg,0,157.28713989257812,369.8527374267578,53.123444,27.894257,5.0,0.90409094,vertical_axis,0
FLICKR-AES -farm6_5501_11641391566_705dac07d7.jpg,1,307.24436950683594,353.8368225097656,30.178375,31.235352,5.0,0.5579768,vertical_axis,0
FLICKR-AES -farm6_5501_11641391566_705dac07d7.jpg,2,260.6011962890625,362.90220642089844,25.632263,32.092987,5.0,0.54187673,vertical_axis,0
FLICKR-AES -farm6_5501_11641391566_705dac07d7.jpg,3,243.0491943359375,381.2094268798828,23.089752,5.1944275,2.0,0.3987233,vertical_axis,0
FLICKR-AES -farm6_5501_11641391566_705dac07d7.jpg,4,271.7460021972656,380.75596618652344,20.157349,6.113373,2.0,0.34506154,vertical_axis,0
FLICKR-AES -farm6_5501_11641391566_705dac07d7.jpg,5,300.79022216796875,378.6402893066406,32.574646,10.344421,2.0,0.34167346,vertical_axis,0
FLICKR-AES -farm6_5501_11641391566_705dac07d7.jpg,6,347.8691864013672,380.1070098876953,47.5123,7.4255066,2.0,0.33254427,vertical_axis,0
FLICKR-AES -farm6_5501_11641391566_705dac07d7.jpg,7,219.02484893798828,379.75941467285156,29.224625,8.107819,2.0,0.32855698,vertical_axis,0
FLICKR-AES -farm6_5501_11641391566_705dac07d7.jpg,8,127.34506607055664,362.43663024902344,7.3709946,11.285065,9.0,0.28651303,vertical_axis,0
FLICKR-AES -farm6_5501_11641391566_705dac07d7.jpg,9,260.4457321166992,362.6432189941406,25.648209,31.864624,7.0,0.2839076,vertical_axis,0
FLICKR-AES -farm6_5501_11641391566_705dac07d7.jpg,10,478.21978759765625,351.33209228515625,67.04364,64.99005,58.0,0.27838954,vertical_axis,0
FLICKR-AES -farm6_5501_11641391566_705dac07d7.jpg,11,348.6124572753906,361.11289978027344,59.40399,45.189667,7.0,0.2620309,vertical_axis,0
FLICKR-AES -farm6_5504_9293220557_a1b681b598.jpg,0,324.99610137939453,152.92452812194824,145.87334,268.03055,0.0,0.9495898,vertical_axis,0
FLICKR-AES -farm6_5504_9293220557_a1b681b598.jpg,1,198.78862762451172,31.250484079122543,138.0071,61.804752,0.0,0.34442395,vertical_axis,0
FLICKR-AES -farm6_5504_9293220557_a1b681b598.jpg,2,102.12114106118679,111.74668407440186,203.97441,207.25548,13.0,0.30755803,vertical_axis,0
FLICKR-AES -farm6_5504_9293220557_a1b681b598.jpg,3,245.7217788696289,31.11745148897171,43.65294,61.362198,0.0,0.27522245,vertical_axis,0
FLICKR-AES -farm6_5520_11548707806_3f26f8b155_b.jpg,0,122.31314086914062,190.8972930908203,30.14029,116.665955,0.0,0.82979846,vertical_axis,0
FLICKR-AES -farm6_5520_11548707806_3f26f8b155_b.jpg,1,96.59913635253906,193.4070053100586,38.404175,144.97455,0.0,0.8228123,vertical_axis,0
FLICKR-AES -farm6_5520_11548707806_3f26f8b155_b.jpg,2,79.50935745239258,210.79485321044922,12.2337265,30.739883,26.0,0.5809551,vertical_axis,0
FLICKR-AES -farm6_5530_9898088585_e18c131113.jpg,0,279.3550338745117,149.28237533569336,169.73427,75.7165,14.0,0.91816056,vertical_axis,0
FLICKR-AES -farm6_5530_9898088585_e18c131113.jpg,1,147.66937637329102,242.08193969726562,104.441826,60.589172,14.0,0.8938907,vertical_axis,0
FLICKR-AES -farm6_5530_9898088585_e18c131113.jpg,2,487.05259704589844,185.13009643554688,49.61252,50.430145,14.0,0.75788975,vertical_axis,0
FLICKR-AES -farm6_5545_9308487862_051731b459_b.jpg,0,260.1820297241211,190.37044143676758,81.98457,254.55348,0.0,0.54158205,vertical_axis,0
FLICKR-AES -farm6_5654_21449051550_a1275b36d8_b.jpg,0,420.1748352050781,226.7057342529297,163.60974,200.1688,75.0,0.9484879,vertical_axis,0
FLICKR-AES -farm6_5654_21449051550_a1275b36d8_b.jpg,1,73.2542724609375,192.03543853759766,124.538574,150.73206,75.0,0.9442195,vertical_axis,0
FLICKR-AES -farm6_5654_21449051550_a1275b36d8_b.jpg,2,181.22246551513672,213.02690887451172,137.53258,154.2964,75.0,0.9354608,vertical_axis,0
FLICKR-AES -farm6_5654_21449051550_a1275b36d8_b.jpg,3,266.2014923095703,248.21627044677734,130.40683,132.19637,75.0,0.91411006,vertical_axis,0
FLICKR-AES -farm6_5654_21449051550_a1275b36d8_b.jpg,4,258.3785171508789,154.65267944335938,29.235641,85.59256,44.0,0.79103124,vertical_axis,0
FLICKR-AES -farm6_5654_21449051550_a1275b36d8_b.jpg,5,435.2582092285156,314.98594665527344,102.625,50.028107,75.0,0.41578418,vertical_axis,0
FLICKR-AES -farm6_5654_21449051550_a1275b36d8_b.jpg,6,424.67555236816406,164.30431520938873,173.46494,324.78607,58.0,0.3639996,vertical_axis,0
FLICKR-AES -farm6_5657_21449214829_e974612f9f_b.jpg,0,347.35890197753906,173.6551971435547,88.18808,238.46982,25.0,0.30562732,vertical_axis,0
FLICKR-AES -farm6_5673_23704041320_9e5791219d_b.jpg,0,281.3062515258789,212.4924087524414,245.07237,250.50308,75.0,0.26715192,vertical_axis,0
FLICKR-AES -farm6_5703_21645927971_d645f9a59c_b.jpg,0,47.06661834567785,381.587890625,93.90434,209.78192,13.0,0.463126,vertical_axis,0
FLICKR-AES -farm6_5703_21645927971_d645f9a59c_b.jpg,1,47.024330139160156,348.6488342285156,93.69685,144.08466,13.0,0.46017447,vertical_axis,0
FLICKR-AES -farm6_5703_21645927971_d645f9a59c_b.jpg,2,336.50001525878906,380.2025909423828,94.59921,178.39005,13.0,0.34219617,vertical_axis,0
FLICKR-AES -farm6_5703_21645927971_d645f9a59c_b.jpg,3,308.89942169189453,386.1501770019531,149.59026,195.25159,13.0,0.29164436,vertical_axis,0
FLICKR-AES -farm6_5716_21600000562_90ab122fe5_b.jpg,0,244.0418472290039,258.9713897705078,53.67015,24.279388,2.0,0.8637664,vertical_axis,0
FLICKR-AES -farm6_5716_21600000562_90ab122fe5_b.jpg,1,240.1566925048828,78.83419418334961,14.161621,11.43203,74.0,0.5433094,vertical_axis,0
FLICKR-AES -farm6_5822_21602111826_d11042da85_b.jpg,0,255.9688996076584,261.30823516845703,509.39542,148.4262,8.0,0.70933855,vertical_axis,0
FLICKR-AES -farm7_6053_6329816112_1a295212d2.jpg,0,213.39873504638672,442.116943359375,26.063095,26.423157,74.0,0.5702423,vertical_axis,0
FLICKR-AES -farm7_6053_6329816112_1a295212d2.jpg,1,51.14388465881348,334.3706817626953,43.152428,114.36966,0.0,0.50299555,vertical_axis,0
FLICKR-AES -farm7_6053_6329816112_1a295212d2.jpg,2,48.58457565307617,441.12255859375,26.582031,26.56427,74.0,0.44571188,vertical_axis,0
FLICKR-AES -farm7_6053_6329816112_1a295212d2.jpg,3,212.61963653564453,333.4183044433594,46.580612,114.06836,0.0,0.37305754,vertical_axis,0
FLICKR-AES -farm7_6053_6329816112_1a295212d2.jpg,4,113.93215942382812,57.082265853881836,32.898346,36.46343,74.0,0.2996751,vertical_axis,0
FLICKR-AES -farm7_6053_6329816112_1a295212d2.jpg,5,190.01992797851562,133.32068252563477,33.1044,33.8211,74.0,0.29926556,vertical_axis,0
FLICKR-AES -farm7_6053_6329816112_1a295212d2.jpg,6,106.7835464477539,132.7105369567871,32.194183,35.16822,74.0,0.29207644,vertical_axis,0
FLICKR-AES -farm7_6053_6329816112_1a295212d2.jpg,7,72.5220775604248,132.4030418395996,33.75298,34.18049,74.0,0.28139636,vertical_axis,0
FLICKR-AES -farm7_6053_6350472737_fe30840524.jpg,0,205.85576629638672,418.7897644042969,255.16925,186.05078,8.0,0.95045626,vertical_axis,0
FLICKR-AES -farm7_6053_6350472737_fe30840524.jpg,1,81.64074325561523,318.8653869628906,69.33986,37.45752,8.0,0.7580979,vertical_axis,0
FLICKR-AES -farm7_6053_6350472737_fe30840524.jpg,2,310.98838806152344,305.60552978515625,57.77481,29.1922,8.0,0.62521935,vertical_axis,0
FLICKR-AES -farm7_6053_6350472737_fe30840524.jpg,3,148.95005798339844,282.88819885253906,41.74951,21.810944,8.0,0.51604146,vertical_axis,0
FLICKR-AES -farm7_6053_6350472737_fe30840524.jpg,4,214.50127410888672,288.66734313964844,79.58037,27.43338,8.0,0.42366365,vertical_axis,0
FLICKR-AES -farm7_6053_6350472737_fe30840524.jpg,5,105.4832534790039,277.1197814941406,23.141327,15.228394,8.0,0.35280168,vertical_axis,0
FLICKR-AES -farm7_6053_6350472737_fe30840524.jpg,6,87.34078598022461,276.51560974121094,18.06704,7.1856995,8.0,0.3232474,vertical_axis,0
FLICKR-AES -farm7_6053_6350472737_fe30840524.jpg,7,68.59662055969238,273.3623809814453,15.487652,13.493988,8.0,0.32155007,vertical_axis,0
FLICKR-AES -farm8_7006_6811073403_2db9a34607.jpg,0,154.61978149414062,352.61285400390625,60.64615,42.582336,13.0,0.63390595,vertical_axis,0
FLICKR-AES -farm8_7006_6811073403_2db9a34607.jpg,1,166.71762466430664,352.6428680419922,85.967186,43.17325,13.0,0.2613755,vertical_axis,0
FLICKR-AES -farm8_7291_27287643220_d1067520c8_b.jpg,0,111.66343533992767,133.60980606079102,219.99806,222.54984,14.0,0.8982515,vertical_axis,0
FLICKR-AES -farm8_7291_27287643220_d1067520c8_b.jpg,1,110.51234745979309,380.606201171875,217.69574,220.13898,14.0,0.6033986,vertical_axis,0
FLICKR-AES -farm9_8084_8336470757_4787d1f1c5.jpg,0,124.5690803527832,409.2406921386719,33.193382,27.430176,2.0,0.8706485,vertical_axis,0
FLICKR-AES -farm9_8084_8336470757_4787d1f1c5.jpg,1,172.20172119140625,408.32496643066406,24.062988,20.536224,2.0,0.8564693,vertical_axis,0
FLICKR-AES -farm9_8084_8336470757_4787d1f1c5.jpg,2,323.9383850097656,410.35699462890625,44.39679,25.155457,2.0,0.84741247,vertical_axis,0
FLICKR-AES -farm9_8084_8336470757_4787d1f1c5.jpg,3,203.0148468017578,408.4969787597656,20.608582,15.756653,2.0,0.73605424,vertical_axis,0
FLICKR-AES -farm9_8084_8336470757_4787d1f1c5.jpg,4,146.2215347290039,407.60162353515625,16.785934,16.489746,2.0,0.6636368,vertical_axis,0
FLICKR-AES -farm9_8084_8336470757_4787d1f1c5.jpg,5,242.64746856689453,407.6310119628906,22.919235,13.294067,2.0,0.5548676,vertical_axis,0
FLICKR-AES -farm9_8084_8336470757_4787d1f1c5.jpg,6,299.45556640625,408.63829040527344,15.72052,16.86856,2.0,0.5229472,vertical_axis,0
FLICKR-AES -farm9_8084_8336470757_4787d1f1c5.jpg,7,221.5701141357422,409.07568359375,12.399414,9.456726,2.0,0.39524496,vertical_axis,0
FLICKR-AES -farm9_8173_8068829172_c633f1f900.jpg,0,191.94086915254593,266.797550201416,382.49756,488.92752,8.0,0.8611847,vertical_axis,0
FLICKR-AES -farm9_8173_8068829172_c633f1f900.jpg,1,380.1112365722656,447.2892150878906,7.303528,20.507202,0.0,0.42202535,vertical_axis,0
FLICKR-AES -farm9_8173_8068829172_c633f1f900.jpg,2,365.1795959472656,445.4227600097656,10.600891,25.718445,0.0,0.4218714,vertical_axis,0
FLICKR-AES -farm9_8173_8068829172_c633f1f900.jpg,3,296.47412109375,451.3421325683594,12.796875,26.41504,0.0,0.3504442,vertical_axis,0
FLICKR-AES -farm9_8173_8068829172_c633f1f900.jpg,4,357.1175079345703,482.10791015625,53.21988,59.26172,8.0,0.31868225,vertical_axis,0
FLICKR-AES -farm9_8173_8068829172_c633f1f900.jpg,5,363.1427764892578,414.27276611328125,13.903046,29.117554,0.0,0.30807832,vertical_axis,0
FLICKR-AES -farm9_8173_8068829172_c633f1f900.jpg,6,272.81944274902344,450.43927001953125,19.900177,33.506348,0.0,0.25569344,vertical_axis,0
FLICKR-AES -farm9_8265_8635344764_454c8b90c1.jpg,0,51.27034683525562,305.3104476928711,102.2577,133.81587,56.0,0.9421722,vertical_axis,0
FLICKR-AES -farm9_8265_8635344764_454c8b90c1.jpg,1,160.65018844604492,263.9295425415039,76.49268,96.35411,56.0,0.8901941,vertical_axis,0
FLICKR-AES -farm9_8265_8635344764_454c8b90c1.jpg,2,91.96903991699219,260.2113571166992,84.6069,133.73427,56.0,0.85716116,vertical_axis,0
FLICKR-AES -farm9_8265_8635344764_454c8b90c1.jpg,3,229.7894058227539,240.93315887451172,48.365036,81.45613,56.0,0.85360616,vertical_axis,0
FLICKR-AES -farm9_8265_8635344764_454c8b90c1.jpg,4,231.1927490234375,368.4406280517578,461.30396,284.7631,60.0,0.8429093,vertical_axis,0
FLICKR-AES -farm9_8265_8635344764_454c8b90c1.jpg,5,88.90254211425781,387.5301971435547,39.504517,82.582855,40.0,0.8368972,vertical_axis,0
FLICKR-AES -farm9_8265_8635344764_454c8b90c1.jpg,6,139.54114532470703,323.44970703125,22.993118,52.314148,40.0,0.8189701,vertical_axis,0
FLICKR-AES -farm9_8265_8635344764_454c8b90c1.jpg,7,173.08749389648438,315.3776550292969,25.654999,60.098145,40.0,0.81233954,vertical_axis,0
FLICKR-AES -farm9_8265_8635344764_454c8b90c1.jpg,8,185.11959075927734,199.6727523803711,43.52449,37.00688,56.0,0.7427079,vertical_axis,0
FLICKR-AES -farm9_8265_8635344764_454c8b90c1.jpg,9,134.59680557250977,383.9983367919922,30.651665,59.564545,40.0,0.7103537,vertical_axis,0
FLICKR-AES -farm9_8265_8635344764_454c8b90c1.jpg,10,401.5802764892578,223.37525177001953,13.650604,27.029251,40.0,0.69029963,vertical_axis,0
FLICKR-AES -farm9_8265_8635344764_454c8b90c1.jpg,11,120.55533981323242,438.2121276855469,81.34925,24.424805,43.0,0.67122495,vertical_axis,0
FLICKR-AES -farm9_8265_8635344764_454c8b90c1.jpg,12,453.654296875,370.8444595336914,64.6297,240.96733,56.0,0.6671263,vertical_axis,0
FLICKR-AES -farm9_8265_8635344764_454c8b90c1.jpg,13,288.9236145019531,222.07805633544922,42.63159,59.0168,56.0,0.63474566,vertical_axis,0
FLICKR-AES -farm9_8265_8635344764_454c8b90c1.jpg,14,271.9986114501953,303.3077392578125,18.006134,38.505432,40.0,0.631094,vertical_axis,0
FLICKR-AES -farm9_8265_8635344764_454c8b90c1.jpg,15,154.61431121826172,250.85205078125,106.62511,79.09296,60.0,0.6210066,vertical_axis,0
FLICKR-AES -farm9_8265_8635344764_454c8b90c1.jpg,16,326.49176025390625,264.58780670166016,21.82611,39.034286,40.0,0.610563,vertical_axis,0
FLICKR-AES -farm9_8265_8635344764_454c8b90c1.jpg,17,402.6494140625,392.8511047363281,102.46857,238.29779,56.0,0.6029807,vertical_axis,0
FLICKR-AES -farm9_8265_8635344764_454c8b90c1.jpg,18,261.9155044555664,279.063720703125,36.82994,42.09247,75.0,0.60142463,vertical_axis,0
FLICKR-AES -farm9_8265_8635344764_454c8b90c1.jpg,19,415.3630828857422,224.02812957763672,13.46347,28.672073,40.0,0.57529867,vertical_axis,0
FLICKR-AES -farm9_8265_8635344764_454c8b90c1.jpg,20,319.6987838745117,429.85792541503906,134.44386,163.63467,56.0,0.5730807,vertical_axis,0
FLICKR-AES -farm9_8265_8635344764_454c8b90c1.jpg,21,493.80567932128906,292.19239044189453,35.832428,158.8131,56.0,0.5706977,vertical_axis,0
FLICKR-AES -farm9_8265_8635344764_454c8b90c1.jpg,22,272.1308059692383,337.0797424316406,60.261032,13.064819,42.0,0.5663643,vertical_axis,0
FLICKR-AES -farm9_8265_8635344764_454c8b90c1.jpg,23,353.05879974365234,394.1656799316406,201.83125,235.32227,56.0,0.53408813,vertical_axis,0
FLICKR-AES -farm9_8265_8635344764_454c8b90c1.jpg,24,332.9049377441406,219.2939682006836,48.583008,53.916702,58.0,0.511388,vertical_axis,0
FLICKR-AES -farm9_8265_8635344764_454c8b90c1.jpg,25,113.7692642211914,442.7489318847656,84.04918,27.612915,43.0,0.43911776,vertical_axis,0
FLICKR-AES -farm9_8265_8635344764_454c8b90c1.jpg,26,113.72771453857422,442.8573303222656,82.202866,28.346863,42.0,0.4341499,vertical_axis,0
FLICKR-AES -farm9_8265_8635344764_454c8b90c1.jpg,27,382.05235290527344,213.0478057861328,32.72696,17.355713,56.0,0.4223785,vertical_axis,0
FLICKR-AES -farm9_8265_8635344764_454c8b90c1.jpg,28,326.78208923339844,249.820556640625,36.690887,35.059753,75.0,0.375354,vertical_axis,0
FLICKR-AES -farm9_8265_8635344764_454c8b90c1.jpg,29,245.68184661865234,180.21261596679688,44.887222,71.5488,72.0,0.31856236,vertical_axis,0
FLICKR-AES -farm9_8265_8635344764_454c8b90c1.jpg,30,262.9911651611328,256.5100631713867,63.95468,88.98311,58.0,0.29619837,vertical_axis,0
FLICKR-AES -farm9_8265_8635344764_454c8b90c1.jpg,31,471.00469970703125,206.77240753173828,67.56476,41.32872,68.0,0.29251438,vertical_axis,0
FLICKR-AES -farm9_8265_8635344764_454c8b90c1.jpg,32,473.13096618652344,323.77779388427734,37.317596,175.334,56.0,0.28733757,vertical_axis,0
FLICKR-AES -farm9_8265_8635344764_454c8b90c1.jpg,33,121.36693954467773,438.0763854980469,78.93458,23.398438,42.0,0.27697462,vertical_axis,0
FLICKR-AES -farm9_8584_15897121829_de1bc15e58_b.jpg,0,406.48204040527344,351.7387390136719,80.93875,20.159668,2.0,0.8139548,vertical_axis,0
FLICKR-AES -farm9_8584_15897121829_de1bc15e58_b.jpg,1,204.0799331665039,353.57484436035156,90.46269,16.17929,2.0,0.7869213,vertical_axis,0
FLICKR-AES -farm9_8584_15897121829_de1bc15e58_b.jpg,2,187.2273178100586,343.3380432128906,60.09175,26.530273,2.0,0.77284706,vertical_axis,0
FLICKR-AES -farm9_8584_15897121829_de1bc15e58_b.jpg,3,302.9952697753906,192.81707763671875,11.548828,11.782928,74.0,0.6346236,vertical_axis,0
FLICKR-AES -farm9_8584_15897121829_de1bc15e58_b.jpg,4,312.7435607910156,347.286865234375,110.83807,28.04248,2.0,0.5203326,vertical_axis,0
FLICKR-AES -farm9_8584_15897121829_de1bc15e58_b.jpg,5,182.1070556640625,293.87677001953125,20.144379,14.800781,2.0,0.44604743,vertical_axis,0
FLICKR-AES -farm9_8584_15897121829_de1bc15e58_b.jpg,6,364.63844299316406,342.63311767578125,52.02646,19.690247,7.0,0.42989257,vertical_axis,0
FLICKR-AES -farm9_8584_15897121829_de1bc15e58_b.jpg,7,364.91204833984375,342.6848907470703,51.506287,19.851166,2.0,0.32666713,vertical_axis,0
flower102 - image_00258.jpg,0,198.7567138671875,256.6204833984375,396.75903,506.44263,58.0,0.32013115,vertical_axis,0
MemCat - 000000544638.jpg,0,289.2164611816406,124.12429809570312,60.6828,76.39697,8.0,0.88418335,vertical_axis,0
MemCat - 000000544638.jpg,1,408.67735290527344,243.72003936767578,205.6492,160.54399,8.0,0.8346459,vertical_axis,0
MemCat - 000000544638.jpg,2,127.31254124641418,212.23644256591797,249.1262,231.71918,8.0,0.8302541,vertical_axis,0
MemCat - 000000544638.jpg,3,357.26719665527344,123.4668960571289,63.69211,80.73988,8.0,0.8297302,vertical_axis,0
MemCat - 000000544638.jpg,4,366.2797393798828,163.8059959411621,290.1874,118.10902,8.0,0.74682987,vertical_axis,0
MemCat - 000000544638.jpg,5,219.14578247070312,124.39240646362305,67.23819,106.34141,8.0,0.59188545,vertical_axis,0
MemCat - 000000544638.jpg,6,29.20863676071167,164.42620086669922,45.4657,42.159073,8.0,0.4060857,vertical_axis,0
MemCat - 000000544638.jpg,7,442.3354949951172,137.47937393188477,136.48477,58.954765,8.0,0.32309303,vertical_axis,0
MemCat - 000000544638.jpg,8,219.08623504638672,148.2635726928711,66.79472,48.77922,8.0,0.30138373,vertical_axis,0
MemCat - 000000544638.jpg,9,11.937032508663833,166.733642578125,23.847536,38.019684,8.0,0.2894676,vertical_axis,0
MemCat - 000000547131.jpg,0,251.67745208740234,197.81243133544922,219.92049,203.8313,20.0,0.9603946,vertical_axis,0
MemCat - 000000547131.jpg,1,42.88201332092285,171.10791015625,49.602455,32.20569,20.0,0.44715405,vertical_axis,0
MemCat - n02118333_14064.jpg,0,142.1799545288086,279.007568359375,141.53558,146.55908,15.0,0.71186674,vertical_axis,0
MemCat - n02932891_23097.jpg,0,391.139404296875,151.56098556518555,121.079895,121.54893,8.0,0.7555438,vertical_axis,0
MemCat - n02934451_5338.jpg,0,207.60196685791016,139.57924807071686,145.00273,276.7329,8.0,0.7749868,vertical_axis,0
MemCat - n03541923_1742.jpg,0,307.6302490234375,184.8689727783203,42.71454,55.18741,33.0,0.27320915,vertical_axis,0
MemCat - n03670208_3334.jpg,0,22.39966507256031,215.88198852539062,44.41221,50.73648,2.0,0.86368394,vertical_axis,0
MemCat - n03670208_3334.jpg,1,270.53734970092773,225.56333923339844,463.80096,94.0629,2.0,0.8466424,vertical_axis,0
MemCat - n04587559_11388.jpg,0,238.91968536376953,234.2721710205078,27.714157,32.70761,33.0,0.42728633,vertical_axis,0
MemCat - n04587559_11388.jpg,1,274.6552276611328,233.96341705322266,99.75278,89.53233,33.0,0.3319861,vertical_axis,0
MemCat - n07574602_27391.jpg,0,118.06478118896484,148.8966293334961,166.01602,150.45148,45.0,0.94652647,vertical_axis,0
MemCat - n07574602_27391.jpg,1,408.9276885986328,113.76875686645508,161.51114,144.09698,41.0,0.9444648,vertical_axis,0
MemCat - n07574602_27391.jpg,2,257.8283233642578,150.8340721130371,117.15628,116.138405,44.0,0.9444527,vertical_axis,0
MemCat - n07574602_27391.jpg,3,255.6929657459259,246.69331973791122,508.40195,491.58176,60.0,0.57637155,vertical_axis,0
MemCat - n07574602_27391.jpg,4,266.66968536376953,428.2748565673828,105.117294,110.45206,55.0,0.46904883,vertical_axis,0
MIRFLICKR25 - im12013.jpg,0,337.4270935058594,120.02271270751953,72.65039,92.94951,33.0,0.7885447,vertical_axis,0
MIRFLICKR25 - im12315.jpg,0,247.33614349365234,279.64929962158203,164.79579,80.47063,13.0,0.91495246,vertical_axis,0
MIRFLICKR25 - im12315.jpg,1,87.93212509155273,255.2137680053711,94.906006,60.304092,13.0,0.8953822,vertical_axis,0
MIRFLICKR25 - im12315.jpg,2,82.36462783813477,200.53848266601562,28.853783,13.047211,13.0,0.6829435,vertical_axis,0
MIRFLICKR25 - im13108.jpg,0,232.8187255859375,235.12051391601562,17.119873,11.189362,8.0,0.58767045,vertical_axis,0
MIRFLICKR25 - im13108.jpg,1,233.00332641601562,247.69119262695312,17.904877,7.6841736,8.0,0.5548695,vertical_axis,0
MIRFLICKR25 - im13108.jpg,2,235.8227310180664,255.8739776611328,22.44545,9.51767,8.0,0.5416961,vertical_axis,0
MIRFLICKR25 - im13108.jpg,3,304.18121337890625,246.4810333251953,21.959167,6.8478394,8.0,0.4743237,vertical_axis,0
MIRFLICKR25 - im13108.jpg,4,337.7239227294922,223.20681762695312,31.720123,12.974365,8.0,0.4627348,vertical_axis,0
MIRFLICKR25 - im13108.jpg,5,268.5288391113281,242.44107055664062,19.36145,8.412506,8.0,0.4361046,vertical_axis,0
MIRFLICKR25 - im13108.jpg,6,364.23960876464844,246.59893035888672,39.29019,13.960159,8.0,0.38871932,vertical_axis,0
MIRFLICKR25 - im13108.jpg,7,233.39990234375,220.9517593383789,15.82608,8.108017,8.0,0.33376825,vertical_axis,0
MIRFLICKR25 - im13108.jpg,8,232.68212890625,213.8852310180664,17.450592,7.573044,8.0,0.33233494,vertical_axis,0
MIRFLICKR25 - im13108.jpg,9,233.2686996459961,222.90239715576172,15.869339,8.966507,8.0,0.33127013,vertical_axis,0
MIRFLICKR25 - im13108.jpg,10,346.7654113769531,235.16885375976562,32.403625,11.433594,8.0,0.30766043,vertical_axis,0
MIRFLICKR25 - im13108.jpg,11,260.0501174926758,221.32859802246094,22.735397,9.259766,8.0,0.293191,vertical_axis,0
MIRFLICKR25 - im13108.jpg,12,302.0101623535156,234.31523895263672,17.532227,7.196579,8.0,0.27072096,vertical_axis,0
MIRFLICKR25 - im13108.jpg,13,256.0083465576172,210.86734008789062,16.608978,6.1708984,8.0,0.26522592,vertical_axis,0
MIRFLICKR25 - im1385.jpg,0,146.0201644897461,325.4033966064453,21.563187,22.451813,13.0,0.74952024,vertical_axis,0
MIRFLICKR25 - im1385.jpg,1,180.33489227294922,305.5866241455078,5.7226105,14.809662,0.0,0.65326345,vertical_axis,0
MIRFLICKR25 - im1385.jpg,2,53.73132401704788,394.3795623779297,106.36167,91.07504,13.0,0.48681086,vertical_axis,0
MIRFLICKR25 - im1385.jpg,3,166.98992156982422,308.5104522705078,7.530533,13.829315,0.0,0.2822274,vertical_axis,0
MIRFLICKR25 - im1385.jpg,4,156.45435333251953,316.5565490722656,10.53804,18.199524,13.0,0.2720727,vertical_axis,0
MIRFLICKR25 - im14193.jpg,0,267.083740234375,227.84585571289062,156.54901,149.20343,62.0,0.60637826,vertical_axis,0
MIRFLICKR25 - im1440.jpg,0,316.39429473876953,168.67847287654877,159.43681,333.60187,27.0,0.9526929,vertical_axis,0
MIRFLICKR25 - im1440.jpg,1,135.8937530517578,169.3572235107422,116.83539,334.16953,27.0,0.9419557,vertical_axis,0
MIRFLICKR25 - im1440.jpg,2,411.2755432128906,164.22388005256653,87.034546,325.76675,27.0,0.924036,vertical_axis,0
MIRFLICKR25 - im1440.jpg,3,220.22109985351562,169.4217164516449,65.78052,334.77576,27.0,0.9058046,vertical_axis,0
MIRFLICKR25 - im1440.jpg,4,477.02305603027344,193.8472442626953,69.411224,222.57242,27.0,0.886641,vertical_axis,0
MIRFLICKR25 - im1440.jpg,5,51.73518753051758,131.0245132446289,85.66569,212.03291,27.0,0.82876724,vertical_axis,0
MIRFLICKR25 - im14658.jpg,0,16.817570876330137,216.60220336914062,33.527836,158.06122,0.0,0.8667676,vertical_axis,0
MIRFLICKR25 - im14658.jpg,1,255.62353515625,65.08924674987793,97.92206,44.496433,74.0,0.38875535,vertical_axis,0
MIRFLICKR25 - im14658.jpg,2,46.90192222595215,146.42227172851562,38.029514,21.69278,73.0,0.3142996,vertical_axis,0
MIRFLICKR25 - im14658.jpg,3,468.42333984375,161.05767059326172,33.628906,16.405594,73.0,0.27346012,vertical_axis,0
MIRFLICKR25 - im14658.jpg,4,142.27878189086914,267.74420166015625,44.45083,57.574524,56.0,0.2699358,vertical_axis,0
MIRFLICKR25 - im14658.jpg,5,188.7953643798828,235.8888931274414,22.099182,30.9684,56.0,0.268658,vertical_axis,0
MIRFLICKR25 - im14658.jpg,6,78.0937728881836,173.24578094482422,22.051453,19.182968,73.0,0.26808876,vertical_axis,0
MIRFLICKR25 - im14658.jpg,7,500.4701843261719,155.68798828125,22.63086,15.736176,73.0,0.261256,vertical_axis,0
MIRFLICKR25 - im15245.jpg,0,193.8779296875,169.2619285583496,57.763092,122.717995,0.0,0.8620933,vertical_axis,0
MIRFLICKR25 - im15245.jpg,1,473.5360412597656,159.28644943237305,32.764282,123.62177,0.0,0.74738413,vertical_axis,0
MIRFLICKR25 - im15245.jpg,2,293.66102600097656,208.32584381103516,47.68515,106.69542,0.0,0.7236355,vertical_axis,0
MIRFLICKR25 - im15245.jpg,3,385.4618225097656,145.486328125,15.4869995,57.40512,0.0,0.7031057,vertical_axis,0
MIRFLICKR25 - im15245.jpg,4,56.06768798828125,181.26429748535156,60.67041,80.82947,0.0,0.570311,vertical_axis,0
MIRFLICKR25 - im15245.jpg,5,444.4533233642578,156.0813865661621,37.7045,102.52015,0.0,0.5694592,vertical_axis,0
MIRFLICKR25 - im15245.jpg,6,23.4957857131958,144.29285049438477,17.236517,54.87124,0.0,0.56747204,vertical_axis,0
MIRFLICKR25 - im15245.jpg,7,211.5514281988144,139.14177322387695,420.09778,99.78417,6.0,0.4910903,vertical_axis,0
MIRFLICKR25 - im15245.jpg,8,175.7239532470703,145.50241470336914,13.36322,55.84292,0.0,0.43631518,vertical_axis,0
MIRFLICKR25 - im15245.jpg,9,10.25536746904254,173.896728515625,20.443758,67.74155,0.0,0.4360366,vertical_axis,0
MIRFLICKR25 - im15245.jpg,10,311.2464065551758,140.64196014404297,401.44464,101.68675,6.0,0.39243278,vertical_axis,0
MIRFLICKR25 - im15245.jpg,11,215.3888702392578,131.60737228393555,12.956451,44.33686,0.0,0.25212654,vertical_axis,0
MIRFLICKR25 - im1546.jpg,0,28.4791389554739,297.1515197753906,56.58213,68.190796,8.0,0.7187614,vertical_axis,0
MIRFLICKR25 - im1546.jpg,1,139.62770080566406,213.28184509277344,47.045532,87.023834,8.0,0.6516275,vertical_axis,0
MIRFLICKR25 - im1546.jpg,2,335.1660614013672,178.01110076904297,72.07901,43.93901,8.0,0.59767556,vertical_axis,0
MIRFLICKR25 - im1546.jpg,3,86.57360458374023,211.2195587158203,43.49276,59.755188,8.0,0.5736616,vertical_axis,0
MIRFLICKR25 - im1546.jpg,4,35.090132139623165,206.05973052978516,69.94386,36.187485,8.0,0.48269013,vertical_axis,0
MIRFLICKR25 - im1546.jpg,5,209.184814453125,211.1784896850586,103.67261,27.160599,8.0,0.4505376,vertical_axis,0
MIRFLICKR25 - im1546.jpg,6,163.5122833251953,165.94810485839844,53.02368,15.638428,8.0,0.42133093,vertical_axis,0
MIRFLICKR25 - im1546.jpg,7,208.9031753540039,186.84801483154297,103.471725,76.45418,8.0,0.41643688,vertical_axis,0
MIRFLICKR25 - im1546.jpg,8,297.7924346923828,177.0655746459961,48.76767,63.34224,8.0,0.40569153,vertical_axis,0
MIRFLICKR25 - im1546.jpg,9,435.66949462890625,179.22972869873047,83.04132,16.977798,8.0,0.36654392,vertical_axis,0
MIRFLICKR25 - im1546.jpg,10,297.90631103515625,197.3287353515625,48.9881,23.32309,8.0,0.33897492,vertical_axis,0
MIRFLICKR25 - im1546.jpg,11,274.17539978027344,168.24169158935547,18.937592,16.43428,8.0,0.26766717,vertical_axis,0
MIRFLICKR25 - im17.jpg,0,90.79861068725586,263.0651397705078,138.7165,144.12296,75.0,0.6281081,vertical_axis,0
MIRFLICKR25 - im20106.jpg,0,283.7655792236328,256.4011917114258,123.239655,66.455124,8.0,0.9281637,vertical_axis,0
MIRFLICKR25 - im20106.jpg,1,251.6296615600586,229.7104034423828,169.79195,31.184082,8.0,0.7862556,vertical_axis,0
MIRFLICKR25 - im20106.jpg,2,261.71317291259766,198.79464721679688,119.76256,19.505249,8.0,0.7802031,vertical_axis,0
MIRFLICKR25 - im20106.jpg,3,291.1077880859375,96.01203155517578,54.65674,184.92091,8.0,0.6778069,vertical_axis,0
MIRFLICKR25 - im20106.jpg,4,257.05894470214844,211.73399353027344,136.06033,12.720703,8.0,0.6300336,vertical_axis,0
MIRFLICKR25 - im20106.jpg,5,163.67352294921875,134.7900619506836,16.283691,4.7491913,8.0,0.5652308,vertical_axis,0
MIRFLICKR25 - im7902.jpg,0,264.2442874908447,146.50212860107422,490.16602,154.53622,4.0,0.9406853,vertical_axis,0
MIRFLICKR25 - im7902.jpg,1,416.8642578125,179.12893676757812,144.43207,34.217926,4.0,0.6645811,vertical_axis,0
VIU - image_r_103.jpg,0,47.774298906326294,377.416748046875,91.7158,183.59619,56.0,0.802294,vertical_axis,0
VIU - image_r_103.jpg,1,201.43550872802734,382.7566680908203,93.74861,183.5817,56.0,0.50922763,vertical_axis,0
VIU - image_r_25.jpg,0,106.23592528700829,384.1185607910156,211.82385,255.18732,56.0,0.94099826,vertical_axis,0
VIU - image_r_25.jpg,1,318.7283172607422,159.27576446533203,76.155365,54.95845,58.0,0.80435026,vertical_axis,0
VIU - image_r_25.jpg,2,413.72520446777344,167.5968246459961,114.24246,52.32939,73.0,0.2955479,vertical_axis,0
VIU - image_r_25.jpg,3,413.1134033203125,111.8121337890625,109.3656,53.126343,73.0,0.27023566,vertical_axis,0
VIU - image_r_371.jpg,0,117.9820818901062,271.1708679199219,225.0483,264.86572,41.0,0.29364023,vertical_axis,0
VIU - image_r_462.jpg,0,11.491267204284668,86.1585578918457,22.759237,52.429222,58.0,0.5857631,vertical_axis,0
VIU - image_r_462.jpg,1,58.39447708427906,246.76351928710938,116.647865,222.08136,69.0,0.556534,vertical_axis,0
VIU - image_r_462.jpg,2,77.34580612182617,245.33071899414062,78.409454,220.62439,69.0,0.4868504,vertical_axis,0
VIU - image_r_462.jpg,3,460.5175476074219,368.10279846191406,102.348145,70.552155,71.0,0.44144705,vertical_axis,0
VIU - image_r_613.jpg,0,224.76398468017578,320.3266143798828,228.44492,381.76144,56.0,0.75151175,vertical_axis,0
VIU - image_r_613.jpg,1,227.97398376464844,260.76502227783203,101.895294,26.633469,73.0,0.5691624,vertical_axis,0
VIU - image_r_613.jpg,2,232.00189971923828,283.3180694580078,120.76378,29.149017,73.0,0.4119053,vertical_axis,0
VIU - image_r_613.jpg,3,231.1673812866211,304.3008728027344,124.35109,26.561768,73.0,0.2659084,vertical_axis,0
VIU - image_r_628.jpg,0,109.66899567842484,325.48521423339844,218.08394,372.20236,63.0,0.93919796,vertical_axis,0
VIU - image_r_628.jpg,1,157.00098037719727,286.4648742675781,106.43673,213.0091,41.0,0.86203223,vertical_axis,0
VIU - image_r_628.jpg,2,448.0141143798828,268.0498580932617,89.4086,139.82253,41.0,0.85923374,vertical_axis,0
VIU - image_r_628.jpg,3,314.07916259765625,283.9507369995117,69.94891,82.13301,75.0,0.8472382,vertical_axis,0
VIU - image_r_628.jpg,4,464.1344757080078,141.10638809204102,67.27469,79.75091,76.0,0.6745339,vertical_axis,0
VIU - image_r_628.jpg,5,313.27598571777344,247.99202728271484,142.70969,154.19307,58.0,0.38708806,vertical_axis,0
VIU - image_r_628.jpg,6,486.1916046142578,182.33578491210938,51.134186,57.46277,76.0,0.36919695,vertical_axis,0
VIU - image_r_628.jpg,7,445.8922882080078,402.331298828125,131.71487,91.93732,73.0,0.3674948,vertical_axis,0
VIU - image_r_651.jpg,0,102.7425537109375,155.84302520751953,205.4851,159.67969,63.0,0.95707357,vertical_axis,0
VIU - image_r_651.jpg,1,148.14088746905327,371.52777099609375,295.63812,279.39362,56.0,0.9307013,vertical_axis,0
VIU - image_r_651.jpg,2,400.0177917480469,79.56164169311523,166.85962,79.683105,28.0,0.91439307,vertical_axis,0
VIU - image_r_651.jpg,3,397.9522705078125,142.71764373779297,214.22943,93.017075,28.0,0.90840495,vertical_axis,0
VIU - image_r_651.jpg,4,407.249755859375,278.6595230102539,202.23016,75.49931,28.0,0.85581154,vertical_axis,0
VIU - image_r_651.jpg,5,406.51930236816406,218.4177703857422,196.76553,69.230194,28.0,0.76419276,vertical_axis,0
VIU - image_r_651.jpg,6,394.8336181640625,395.2550811767578,232.97601,176.79044,28.0,0.69295186,vertical_axis,0
VIU - image_r_651.jpg,7,14.16415424272418,133.18812942504883,28.22677,95.63348,63.0,0.31123242,vertical_axis,0
VIU - image_r_651.jpg,8,407.19622802734375,361.004638671875,208.47632,105.97089,28.0,0.26816756,vertical_axis,0
VIU - image_r_7.jpg,0,397.3888244628906,142.30416107177734,227.42706,190.99557,62.0,0.9449206,vertical_axis,0
VIU - image_r_7.jpg,1,294.51099395751953,364.86244201660156,245.15154,288.09625,58.0,0.7188267,vertical_axis,0
VIU - image_r_7.jpg,2,499.41221618652344,167.92776489257812,24.77951,76.62207,58.0,0.45789555,vertical_axis,0
VIU - image_r_7.jpg,3,295.05029296875,321.2826614379883,242.79834,198.88359,58.0,0.36953616,vertical_axis,0
VIU - image_r_739.jpg,0,185.41303634643555,227.50235748291016,119.51484,170.61034,38.0,0.9156427,vertical_axis,0
VIU - image_r_739.jpg,1,391.4859161376953,388.2646789550781,239.99362,246.31567,56.0,0.85909945,vertical_axis,0
VIU - image_r_739.jpg,2,78.44977188110352,40.4420051574707,69.1667,70.00236,32.0,0.6448664,vertical_axis,0
VIU - image_r_739.jpg,3,101.07941287755966,460.18760681152344,200.70612,102.71933,57.0,0.40052587,vertical_axis,0
VIU - image_r_739.jpg,4,30.665922164916992,37.90460281074047,61.331844,75.33445,73.0,0.27714866,vertical_axis,0
VIU - image_r_739.jpg,5,378.2423095703125,277.04492950439453,32.395447,59.42827,73.0,0.26465687,vertical_axis,0
VIU - image_r_772.jpg,0,214.4935073852539,349.2978515625,229.04553,274.87598,56.0,0.943875,vertical_axis,0
VIU - image_r_772.jpg,1,493.2449645996094,183.55109405517578,37.16504,51.757736,75.0,0.56781256,vertical_axis,0
VIU - image_r_772.jpg,2,28.367515191435814,260.23242950439453,56.461483,146.30418,58.0,0.53086805,vertical_axis,0
VIU - image_r_772.jpg,3,499.0511779785156,330.2204132080078,25.54358,26.193756,45.0,0.3720022,vertical_axis,0
VIU - image_r_772.jpg,4,487.2066345214844,415.40464782714844,48.899414,83.95175,73.0,0.34423158,vertical_axis,0
VIU - image_r_772.jpg,5,502.9242248535156,430.8770446777344,17.70642,63.224426,73.0,0.34145638,vertical_axis,0
VIU - image_r_772.jpg,6,7.157857798039913,285.069580078125,14.188231,97.620605,75.0,0.26977175,vertical_axis,0
VIU - image_r_772.jpg,7,481.435791015625,72.7191276550293,60.600098,74.499435,73.0,0.2524465,vertical_axis,0
VIU - image_r_772.jpg,8,454.1836853027344,194.35082244873047,22.813477,61.968033,73.0,0.25004855,vertical_axis,0
